energy,liveness,tempo,speechiness,acousticness,instrumentalness,time_signature,danceability,key,duration_ms,loudness,valence,mode
0.73,0.0897,171.001,0.0598,0.00143,9.54e-05,4,0.513,1,200040,-5.94,0.334,1
0.652,0.0931,95.977,0.0802,0.581,0.0,4,0.825,1,233713,-3.183,0.931,0
0.405,0.105,109.891,0.0319,0.751,0.0,4,0.501,1,182161,-5.679,0.446,1
0.731,0.311,173.93,0.0557,0.342,0.00101,4,0.52,6,167303,-5.338,0.662,0
0.478,0.0703,89.908,0.0467,0.552,0.0,4,0.76,2,158040,-5.574,0.913,1
0.587,0.137,186.003,0.276,0.141,6.35e-06,4,0.679,7,230453,-7.015,0.486,1
0.625,0.329,103.967,0.0536,0.00776,0.00188,4,0.792,1,173987,-5.609,0.37,1
0.764,0.103,169.928,0.0483,0.0383,0.0,4,0.591,1,141806,-5.484,0.478,1
0.807,0.101,124.053,0.0336,0.0495,0.0177,4,0.612,10,240400,-2.81,0.398,1
0.587,0.149,98.029,0.0937,0.69,0.000105,4,0.824,6,209438,-6.401,0.514,0
0.78,0.119,124.988,0.108,0.0512,0.0,4,0.772,10,204347,-4.288,0.719,0
0.525,0.0921,80.87,0.0944,0.44,6.7e-06,4,0.761,11,238805,-6.9,0.531,1
0.448,0.106,95.05,0.0232,0.163,0.0,3,0.599,8,263400,-6.312,0.168,1
0.52,0.131,159.798,0.0713,0.124,7.75e-05,4,0.585,5,218147,-6.136,0.129,0
0.557,0.0902,85.043,0.059,0.695,0.0,4,0.358,10,211467,-7.398,0.494,1
0.541,0.11,94.949,0.0303,0.415,0.0,4,0.738,8,245507,-5.597,0.657,1
0.296,0.095,115.284,0.0333,0.934,0.0,4,0.351,4,200186,-10.109,0.12,0
0.816,0.335,95.39,0.0465,0.122,0.0,4,0.548,0,174000,-4.209,0.557,1
0.548,0.0828,116.963,0.0289,0.0379,0.0,4,0.759,9,190800,-6.049,0.75,0
0.635,0.164,103.019,0.0317,0.0498,1.44e-05,4,0.617,11,247160,-6.769,0.446,0
0.793,0.0951,123.95,0.083,0.0123,0.0,4,0.793,11,183290,-4.521,0.679,0
0.731,0.151,101.654,0.0379,0.431,0.0,4,0.484,1,204280,-6.694,0.51,1
0.664,0.116,129.07,0.0481,0.637,0.0,4,0.575,4,241693,-5.303,0.437,0
0.566,0.34,83.903,0.2,0.349,0.0,4,0.511,6,239836,-7.23,0.218,0
0.537,0.0941,122.764,0.04,0.695,1.6e-05,4,0.445,4,244360,-8.532,0.131,0
0.379,0.0986,107.989,0.0476,0.607,0.000464,4,0.614,4,258987,-10.48,0.201,1
0.712,0.119,122.014,0.0381,0.0649,0.0,4,0.663,1,257280,-4.945,0.48,0
0.449,0.552,77.169,0.109,0.0332,8.29e-05,4,0.754,7,198973,-9.211,0.357,1
0.763,0.0863,120.042,0.0396,0.189,0.00242,4,0.695,0,215280,-3.497,0.551,1
0.402,0.243,143.879,0.0539,0.289,0.0,4,0.391,0,354320,-9.961,0.228,0
0.425,0.1,135.128,0.375,0.328,0.13,4,0.701,7,194088,-10.965,0.562,1
0.445,0.184,78.998,0.0295,0.474,0.0,4,0.781,2,281560,-6.061,0.591,1
0.922,0.0862,146.078,0.0786,0.0291,0.0,4,0.641,2,258343,-4.457,0.847,1
0.385,0.231,95.82,0.03,0.371,0.0,4,0.577,7,215733,-6.362,0.331,1
0.728,0.149,130.049,0.0484,0.0847,0.0,4,0.841,7,243837,-3.37,0.43,1
0.378,0.28,100.43,0.438,0.835,0.0,4,0.609,4,233720,-9.828,0.515,1
0.661,0.234,173.372,0.0281,0.00239,0.000121,4,0.429,11,266773,-7.227,0.285,1
0.826,0.154,167.985,0.0434,0.00782,0.15,4,0.604,0,187147,-4.804,0.241,1
0.264,0.132,119.93,0.0322,0.922,0.0,4,0.422,8,269560,-7.064,0.331,1
0.702,0.105,169.994,0.157,0.117,2.06e-05,4,0.552,9,178427,-5.707,0.564,1
0.806,0.115,124.118,0.0538,0.00389,0.000674,4,0.516,2,249693,-5.133,0.577,1
0.417,0.0974,67.528,0.0256,0.136,0.022,4,0.464,0,183956,-9.345,0.479,0
0.525,0.134,133.629,0.0615,0.111,0.0,4,0.586,1,260253,-7.163,0.508,0
0.567,0.137,135.553,0.0798,0.0861,0.0,5,0.356,0,242253,-7.011,0.109,0
0.637,0.0602,169.977,0.141,0.0462,2.29e-05,4,0.734,4,202333,-5.677,0.648,0
0.71,0.329,89.929,0.0339,0.19,0.00025,4,0.5,3,175200,-3.015,0.419,1
0.366,0.641,86.997,0.0378,0.969,0.267,3,0.545,2,208212,-9.51,0.1,1
0.521,0.0565,100.45,0.33,0.301,0.0,4,0.692,10,292987,-8.465,0.463,0
0.545,0.0963,74.897,0.0688,0.365,0.0,4,0.479,7,252733,-7.346,0.244,1
0.317,0.0881,139.848,0.308,0.591,0.0,4,0.777,1,178627,-10.732,0.33,0
0.621,0.0958,150.011,0.102,0.000282,5.39e-05,4,0.908,1,177000,-6.638,0.421,0
0.924,0.0953,148.017,0.0808,0.00101,0.0,4,0.356,1,222587,-3.74,0.232,1
0.617,0.109,138.015,0.0287,0.0954,3.23e-06,4,0.486,5,242373,-7.115,0.417,0
0.744,0.359,171.374,0.257,0.00868,0.000423,4,0.692,2,326467,-4.565,0.0612,1
0.532,0.217,85.03,0.0323,0.186,0.000263,4,0.548,5,272394,-7.596,0.405,1
0.669,0.237,112.238,0.0738,0.00286,0.0,4,0.908,7,290320,-2.827,0.662,1
0.862,0.0814,123.994,0.11,0.037,2.19e-05,4,0.791,9,214847,-3.24,0.592,0
0.431,0.106,143.875,0.0578,0.768,1.42e-05,4,0.561,10,242013,-8.81,0.137,1
0.613,0.123,75.023,0.145,0.258,0.00372,4,0.74,8,166606,-4.88,0.473,1
0.797,0.11,165.717,0.36,0.132,0.0,4,0.455,10,187973,-4.133,0.757,0
0.28,0.088,72.795,0.0434,0.932,0.0,4,0.612,0,213827,-8.648,0.387,1
0.664,0.0849,166.928,0.154,0.335,0.0,4,0.563,9,178147,-5.044,0.688,1
0.391,0.297,134.021,0.242,0.469,4.13e-06,4,0.872,0,119133,-9.144,0.437,0
0.841,0.0622,109.021,0.0422,0.0134,0.0,4,0.635,5,220734,-5.379,0.424,1
0.715,0.135,199.892,0.058,0.0863,2.67e-05,4,0.475,8,205947,-5.371,0.159,1
0.792,0.167,100.011,0.0452,0.191,0.0,4,0.687,5,214290,-2.749,0.671,1
0.769,0.104,97.985,0.123,0.0293,0.0101,4,0.726,6,233902,-5.043,0.733,1
0.73,0.124,155.008,0.222,0.00513,0.0,4,0.834,8,312820,-3.714,0.446,1
0.75,0.109,155.096,0.231,0.00264,0.0,4,0.732,11,182707,-6.366,0.401,0
0.691,0.0232,118.048,0.0633,0.0584,6.99e-05,4,0.706,0,200600,-4.775,0.632,1
0.56,0.0944,134.066,0.0406,0.013,0.0,4,0.853,1,206693,-4.961,0.86,1
0.452,0.0714,117.401,0.0348,0.543,0.00294,4,0.82,1,253920,-9.796,0.74,1
0.864,0.209,105.143,0.0584,0.00958,0.0,4,0.556,3,216880,-5.87,0.4,0
0.76,0.299,99.947,0.045,0.0797,0.0,4,0.655,0,200787,-3.669,0.409,0
0.809,0.565,98.007,0.0625,0.00346,0.00123,4,0.723,7,176561,-3.081,0.274,0
0.7,0.153,116.073,0.0694,0.00261,1.56e-05,4,0.762,9,209320,-6.021,0.608,0
0.698,0.309,143.994,0.0431,0.049,0.0,4,0.726,5,233478,-4.165,0.867,1
0.825,0.0674,102.977,0.0601,0.00883,0.0,4,0.702,6,203064,-3.787,0.915,0
0.811,0.078,121.995,0.0553,0.375,0.0,4,0.866,11,199440,-4.063,0.969,0
0.372,0.169,91.931,0.0443,0.638,0.0,4,0.715,5,201000,-8.237,0.474,1
0.42,0.11,84.126,0.0416,0.588,6.39e-05,4,0.413,0,172724,-6.444,0.185,1
0.8,0.0915,116.032,0.0309,0.0354,7.25e-05,4,0.795,1,202735,-6.32,0.934,1
0.523,0.132,104.988,0.03,0.184,3.56e-05,4,0.765,2,217307,-4.333,0.394,1
0.912,0.106,116.761,0.0564,2.55e-05,0.000173,4,0.502,1,301920,-4.556,0.72,1
0.488,0.0936,136.07,0.0705,0.293,9.2e-06,4,0.752,6,201661,-7.05,0.533,1
0.825,0.543,118.049,0.0309,0.0212,1.21e-05,4,0.679,0,215627,-5.487,0.644,1
0.865,0.234,174.53,0.0381,0.000453,0.0,4,0.372,2,258733,-4.918,0.478,1
0.865,0.77,156.271,0.16,0.0472,0.000191,4,0.563,5,209413,-5.277,0.601,1
0.327,0.0821,91.05,0.0557,0.841,0.0,4,0.775,11,189486,-7.241,0.595,1
0.748,0.447,118.852,0.0363,0.127,0.0,4,0.5,4,250987,-9.072,0.514,1
0.609,0.0344,114.988,0.0824,0.00801,8.15e-05,4,0.856,0,269667,-7.223,0.928,1
0.691,0.0476,150.087,0.0672,0.0221,0.0,4,0.741,10,212353,-7.395,0.892,0
0.735,0.161,88.98,0.0391,0.0521,0.144,4,0.644,8,153947,-5.747,0.418,1
0.902,0.0928,84.412,0.054,0.018,0.00125,4,0.573,6,225280,-7.638,0.876,0
0.573,0.113,109.928,0.0544,0.401,5.22e-05,4,0.731,4,205090,-10.059,0.145,0
0.804,0.253,123.146,0.0364,0.215,0.0,4,0.63,6,220293,-4.183,0.492,1
0.847,0.0816,171.447,0.186,0.0622,0.0,4,0.548,1,297787,-3.237,0.1,1
0.33,0.0975,135.109,0.0285,0.892,0.0,4,0.559,9,285040,-8.251,0.285,1
0.714,0.0843,101.969,0.111,0.0353,8.42e-06,4,0.664,7,197933,-6.645,0.71,0
0.442,0.11,146.277,0.0243,0.731,1.46e-05,4,0.557,5,309600,-7.224,0.213,1
0.651,0.111,90.011,0.0306,0.0291,3.2e-06,4,0.589,6,212627,-5.097,0.166,1
0.574,0.0885,111.881,0.0577,0.608,0.0,4,0.459,3,215107,-4.857,0.183,1
0.952,0.112,125.304,0.0522,0.09,0.0843,4,0.445,6,356067,-5.321,0.624,1
0.528,0.163,109.975,0.161,0.115,0.329,4,0.932,5,214653,-6.472,0.757,0
0.578,0.135,145.07,0.0408,0.331,0.0,4,0.674,10,231267,-5.804,0.34,1
0.868,0.148,159.763,0.205,0.187,0.0032,4,0.534,11,208667,-5.057,0.406,1
0.654,0.101,106.976,0.0647,0.227,0.0,4,0.72,1,207320,-5.634,0.411,1
0.503,0.405,178.781,0.22,0.293,0.0,4,0.593,8,137704,-6.725,0.71,0
0.721,0.285,121.962,0.0506,0.0149,0.00432,4,0.785,8,176219,-5.457,0.894,1
0.765,0.0936,114.044,0.0993,0.0112,0.0,4,0.746,6,199054,-4.41,0.737,0
0.627,0.0708,150.273,0.0384,0.164,0.0,4,0.336,7,241107,-7.463,0.35,1
0.754,0.0486,149.789,0.0615,0.0151,0.0,4,0.752,1,206880,-6.684,0.755,1
0.756,0.37,110.028,0.0393,0.0136,0.0,4,0.739,4,231387,-4.828,0.522,1
0.586,0.79,116.971,0.0559,0.104,0.0,4,0.896,10,196653,-6.687,0.642,0
0.537,0.102,128.009,0.0804,0.556,0.00404,4,0.921,9,135090,-5.723,0.711,0
0.716,0.324,91.007,0.0361,0.174,0.0,4,0.701,7,140533,-3.671,0.732,0
0.473,0.391,119.992,0.0514,0.287,0.0,4,0.765,10,237300,-5.829,0.34,1
0.676,0.0894,101.956,0.0442,0.0902,0.0,4,0.798,6,219947,-5.041,0.843,1
0.71,0.0956,127.975,0.0292,0.145,0.115,4,0.733,5,239600,-5.849,0.965,0
0.481,0.0649,80.025,0.0815,0.369,1.03e-06,4,0.689,10,229526,-7.503,0.283,1
0.496,0.0772,80.994,0.0453,0.554,2.65e-05,4,0.453,5,239317,-5.785,0.501,1
0.831,0.0797,124.987,0.044,0.312,0.0,4,0.79,11,183551,-4.185,0.872,1
0.444,0.0973,150.96,0.0417,0.559,0.0,4,0.703,11,242947,-9.331,0.712,1
0.373,0.0481,92.718,0.0323,0.257,8.01e-05,4,0.671,9,295893,-18.064,0.732,1
0.816,0.0967,178.085,0.167,0.228,0.0,4,0.653,2,228827,-4.353,0.816,1
0.698,0.0907,89.976,0.105,0.0472,0.00143,4,0.628,6,211667,-5.608,0.732,0
0.613,0.134,100.066,0.0542,0.109,2.33e-05,4,0.775,3,208787,-4.586,0.797,0
0.715,0.0942,155.925,0.0362,0.00125,7.97e-06,3,0.315,11,289533,-8.072,0.497,0
0.559,0.109,78.558,0.0959,0.371,7.49e-06,4,0.558,6,180387,-9.222,0.62,1
0.505,0.104,91.97,0.253,0.535,2.55e-06,4,0.752,9,197437,-7.621,0.419,1
0.756,0.0527,104.945,0.0294,0.131,0.0,4,0.729,8,228293,-5.119,0.522,1
0.541,0.13,124.939,0.0658,0.566,0.0,4,0.779,0,235545,-6.824,0.447,1
0.797,0.067,177.928,0.153,0.198,0.0,4,0.655,2,229360,-4.787,0.839,1
0.788,0.0863,120.076,0.0334,0.0591,0.0,4,0.748,1,235493,-7.055,0.884,1
0.69,0.101,89.977,0.164,0.247,0.0,4,0.746,11,181733,-7.956,0.497,1
0.854,0.124,120.276,0.463,0.0169,0.0,4,0.597,7,203418,-5.114,0.152,0
0.832,0.0968,113.035,0.0682,0.0106,0.0,4,0.669,0,237547,-5.721,0.7,1
0.678,0.13,96.006,0.0644,0.085,1.64e-06,4,0.753,5,231827,-5.421,0.583,1
0.396,0.105,90.024,0.0286,0.0841,3.58e-05,4,0.732,4,195920,-9.348,0.548,0
0.87,0.484,110.072,0.0421,0.00353,0.0,4,0.488,6,187520,-4.185,0.211,0
0.111,0.0897,82.642,0.0972,0.978,3.97e-05,4,0.367,4,196077,-14.084,0.198,1
0.679,0.218,124.98,0.0364,0.583,1.98e-06,4,0.835,7,162638,-5.329,0.85,0
0.784,0.668,136.239,0.0625,0.0999,0.000108,4,0.448,9,186813,-3.686,0.237,1
0.538,0.196,143.946,0.0382,0.0689,0.0,4,0.556,8,223347,-5.408,0.291,0
0.563,0.179,100.017,0.134,0.621,0.0,4,0.728,1,217707,-8.053,0.352,0
0.686,0.2,89.949,0.243,0.549,0.0,4,0.632,6,170770,-7.665,0.329,0
0.619,0.113,136.041,0.102,0.0533,0.0,4,0.878,6,157067,-5.56,0.639,1
0.68,0.138,118.026,0.0305,0.141,1.2e-05,4,0.78,4,180560,-6.081,0.594,1
0.713,0.113,74.989,0.0393,0.00835,0.0,4,0.645,6,214507,-5.355,0.566,1
0.77,0.103,107.951,0.0482,0.124,0.0,4,0.702,9,213520,-5.416,0.593,0
0.567,0.0811,125.02,0.0956,0.59,0.00142,4,0.845,5,205680,-8.118,0.793,0
0.706,0.166,133.002,0.0473,0.0684,0.0,4,0.72,1,187436,-4.719,0.62,1
0.787,0.0685,117.089,0.0499,0.0197,6.07e-05,5,0.399,1,216120,-2.88,0.572,1
0.866,0.257,128.038,0.0619,0.00701,0.0,4,0.578,1,199080,-3.804,0.619,1
0.726,0.372,136.048,0.129,0.099,0.0,4,0.816,5,253390,-3.998,0.65,0
0.538,0.103,99.952,0.212,0.137,1.88e-06,4,0.829,11,149547,-7.359,0.389,0
0.537,0.0802,126.421,0.034,0.705,0.0,4,0.551,11,196493,-7.595,0.493,1
0.431,0.0887,127.085,0.0364,0.123,0.0,4,0.785,10,159382,-8.756,0.236,0
0.802,0.0642,95.881,0.228,0.158,5e-06,4,0.843,1,212500,-4.167,0.618,0
0.927,0.148,123.962,0.0332,0.199,0.119,4,0.631,9,222160,-2.787,0.465,0
0.819,0.0679,92.99,0.118,0.426,0.0,4,0.773,0,269187,-5.946,0.585,0
0.648,0.161,96.888,0.062,0.121,2.62e-06,4,0.633,4,200690,-6.645,0.49,1
0.782,0.23,128.033,0.044,0.0125,0.033,4,0.621,2,198938,-5.548,0.55,1
0.451,0.0872,157.966,0.0347,0.336,0.0,4,0.481,5,295493,-6.095,0.289,0
0.56,0.111,140.06,0.105,0.546,0.0,4,0.75,8,221440,-8.094,0.459,1
0.798,0.156,92.946,0.0432,0.0736,0.0,4,0.608,6,185360,-5.092,0.5,0
0.893,0.366,126.011,0.0347,0.0451,2.79e-05,4,0.807,11,230747,-3.745,0.537,0
0.544,0.0824,97.028,0.0943,0.0403,0.0,4,0.836,7,217947,-5.975,0.51,1
0.431,0.696,144.026,0.135,0.731,0.0,4,0.726,8,173333,-8.765,0.348,0
0.712,0.0933,92.005,0.0817,0.0901,2.68e-05,4,0.911,1,178567,-5.105,0.425,0
0.705,0.12,110.97,0.0284,0.259,8.92e-05,4,0.764,8,208667,-3.463,0.781,1
0.804,0.0494,104.823,0.0677,0.0231,0.0,4,0.744,1,205715,-6.327,0.426,1
0.601,0.46,116.735,0.148,0.0522,0.0,5,0.621,6,163636,-5.616,0.457,0
0.437,0.106,180.042,0.0386,0.102,1.32e-06,4,0.259,11,239000,-6.589,0.0951,0
0.443,0.213,117.968,0.0556,0.0601,1.91e-05,4,0.735,0,245653,-8.432,0.107,1
0.904,0.064,82.014,0.0618,0.193,0.0,4,0.579,5,190947,-2.729,0.681,1
0.606,0.125,189.857,0.0484,0.247,0.0,4,0.262,8,252534,-6.646,0.275,1
0.73,0.398,102.002,0.0568,0.383,0.0,4,0.717,9,251173,-4.729,0.792,0
0.761,0.17,141.971,0.0853,0.256,4.96e-06,4,0.52,4,180823,-3.093,0.286,1
0.701,0.0514,100.946,0.282,0.309,7.36e-05,4,0.799,2,201920,-3.272,0.607,1
0.753,0.0371,119.002,0.0517,0.152,0.0,4,0.774,4,219147,-5.446,0.896,0
0.657,0.112,107.01,0.0449,0.171,0.0,4,0.753,7,184732,-3.061,0.437,1
0.291,0.0771,119.782,0.0348,0.405,0.0,3,0.657,2,277680,-8.275,0.405,0
0.626,0.396,91.03,0.125,0.0589,6e-05,4,0.835,1,217925,-5.833,0.35,1
0.703,0.143,104.666,0.0772,0.0168,2.38e-05,4,0.548,11,185040,-4.838,0.286,0
0.407,0.11,139.028,0.0267,0.309,0.000961,3,0.421,10,285120,-7.445,0.161,1
0.585,0.0644,105.017,0.0432,0.103,3.94e-06,4,0.803,8,214480,-5.861,0.593,1
0.539,0.165,136.948,0.0421,0.199,1.66e-05,4,0.799,1,202547,-6.351,0.394,1
0.696,0.42,90.03,0.119,0.321,0.0,4,0.677,0,198082,-6.181,0.464,1
0.557,0.124,150.073,0.0318,0.74,0.0,4,0.652,1,169354,-5.714,0.483,0
0.88,0.128,95.079,0.0504,0.205,0.0,4,0.626,9,202621,-2.384,0.534,0
0.434,0.165,150.062,0.431,0.0102,0.0219,4,0.833,2,204600,-8.795,0.281,1
0.275,0.101,92.6,0.3,0.687,0.0,4,0.492,6,251034,-13.4,0.18,0
0.533,0.103,131.036,0.0412,0.0172,0.000152,4,0.797,0,146520,-9.74,0.329,0
0.427,0.21,76.469,0.0317,0.0546,5.83e-06,4,0.598,7,175721,-8.764,0.0605,0
0.495,0.0992,129.062,0.037,0.591,0.000133,4,0.864,0,244973,-7.036,0.72,1
0.533,0.0864,99.968,0.0706,0.119,0.0,4,0.64,0,220781,-6.596,0.515,1
0.683,0.137,96.133,0.117,0.0372,0.0,4,0.697,1,186987,-2.881,0.603,0
0.771,0.102,99.048,0.0483,0.0237,7e-06,4,0.676,8,207133,-3.675,0.569,1
0.647,0.0801,92.979,0.186,0.124,0.0,4,0.64,5,197867,-8.114,0.546,0
0.714,0.179,147.998,0.121,0.314,0.0,4,0.661,5,212120,-5.68,0.464,0
0.72,0.0563,79.983,0.0628,0.272,0.0,4,0.508,11,261640,-5.908,0.472,0
0.356,0.123,160.033,0.0941,0.172,0.00943,4,0.745,1,326933,-10.425,0.607,1
0.654,0.036,117.046,0.0401,0.0236,0.0153,4,0.92,11,293827,-3.051,0.847,0
0.788,0.127,126.06,0.103,0.0678,0.153,4,0.604,0,245040,-3.673,0.301,0
0.77,0.118,125.905,0.149,0.176,1.1e-05,4,0.694,6,184560,-5.335,0.163,1
0.449,0.0898,80.126,0.425,0.33,0.000162,4,0.736,1,219080,-11.462,0.326,0
0.736,0.235,159.173,0.229,0.0528,0.0,4,0.65,6,226160,-5.84,0.613,0
0.574,0.19,100.023,0.0479,0.569,0.0,4,0.62,5,250173,-7.788,0.357,0
0.783,0.083,154.084,0.0856,0.047,0.0,4,0.643,10,163870,-6.458,0.579,1
0.605,0.189,122.956,0.0428,0.239,1.41e-05,4,0.715,0,212733,-5.128,0.454,0
0.519,0.454,133.99,0.0409,0.109,0.0,4,0.501,4,195707,-5.88,0.168,0
0.711,0.104,113.809,0.0478,0.422,0.0,4,0.671,2,248440,-7.813,0.466,1
0.308,0.0984,64.934,0.029,0.883,0.0,4,0.669,11,121887,-10.068,0.52,1
0.835,0.249,125.983,0.0433,0.0166,0.0,4,0.527,6,176658,-5.298,0.654,1
0.613,0.104,98.001,0.151,0.0293,0.0,4,0.866,0,229210,-6.385,0.359,1
0.534,0.0919,91.974,0.0946,0.0752,0.0,4,0.725,11,219320,-6.238,0.558,1
0.74,0.167,116.879,0.0284,0.0115,0.00678,4,0.64,4,216320,-4.083,0.785,1
0.715,0.271,127.435,0.0407,0.0755,0.0,4,0.679,9,214148,-6.383,0.571,1
0.463,0.109,111.98,0.0396,0.256,0.085,4,0.809,11,298941,-11.377,0.364,1
0.713,0.294,121.993,0.0594,0.04,3.11e-06,4,0.699,9,205920,-5.507,0.354,0
0.667,0.134,80.984,0.0367,0.0533,0.0,4,0.599,7,288877,-4.267,0.817,1
0.225,0.106,120.006,0.0994,0.902,0.657,4,0.704,6,245426,-14.454,0.243,0
0.804,0.204,124.996,0.0422,0.124,0.0,4,0.725,11,197993,-4.614,0.31,0
0.803,0.153,106.97,0.0797,0.034,0.0,4,0.818,1,225983,-4.282,0.632,1
0.734,0.106,137.958,0.0588,0.0427,0.0,4,0.842,1,181027,-5.065,0.952,0
0.446,0.337,123.596,0.0683,0.0039,0.118,4,0.743,4,232107,-7.807,0.278,0
0.508,0.0575,147.125,0.027,0.00574,0.000494,4,0.579,2,391376,-9.484,0.609,1
0.86,0.0574,93.989,0.0593,0.11,1.94e-06,4,0.737,8,193227,-2.652,0.656,0
0.712,0.211,98.023,0.046,0.132,0.0,4,0.694,7,201122,-3.923,0.799,0
0.8,0.359,134.002,0.0504,0.127,0.0,4,0.714,11,211560,-4.808,0.589,0
0.628,0.0504,134.966,0.0551,0.00258,0.00019,4,0.891,2,267067,-7.863,0.552,1
0.478,0.355,107.682,0.0293,0.189,2.48e-06,4,0.735,2,262960,-12.472,0.947,1
0.624,0.243,176.169,0.309,0.6,2.12e-06,4,0.61,2,250534,-4.773,0.244,1
0.385,0.135,89.792,0.0288,0.536,0.0,4,0.522,0,207520,-7.355,0.236,1
0.832,0.269,125.926,0.0298,0.168,0.00131,4,0.697,9,215093,-7.264,0.979,1
0.834,0.14,135.007,0.0989,0.0232,1.14e-05,4,0.461,2,261154,-4.868,0.471,1
0.595,0.109,119.972,0.0313,0.0275,0.0,4,0.516,5,340707,-4.63,0.222,1
0.856,0.141,127.949,0.0346,0.0211,0.0178,4,0.596,4,222533,-3.556,0.743,0
0.57,0.112,129.953,0.133,0.847,2.14e-05,4,0.734,7,95467,-7.066,0.689,0
0.726,0.0976,139.059,0.282,0.259,0.0,4,0.763,1,126346,-6.405,0.349,1
0.739,0.111,97.085,0.129,0.0285,0.0,4,0.573,0,230227,-5.74,0.451,1
0.539,0.099,97.062,0.0621,0.0141,0.000496,4,0.817,6,210368,-6.349,0.158,0
0.674,0.158,111.995,0.0959,0.0184,0.0,4,0.756,0,251467,-6.518,0.389,0
0.7,0.0939,124.944,0.0456,0.117,0.0,4,0.584,11,202747,-4.275,0.438,1
0.529,0.0856,161.989,0.307,0.0769,0.000335,4,0.671,0,165820,-7.226,0.203,1
0.7,0.0828,188.386,0.047,0.011,0.00965,4,0.31,9,255493,-5.678,0.763,1
0.751,0.106,117.948,0.0874,0.177,6.43e-05,4,0.88,7,157606,-4.258,0.884,0
0.757,0.0885,159.945,0.144,0.291,0.0,4,0.662,5,233293,-6.818,0.962,0
0.886,0.0826,97.012,0.0431,0.185,0.0,4,0.673,1,216773,-4.44,0.795,0
0.876,0.327,99.943,0.1,0.0735,0.0,4,0.624,9,170827,-3.374,0.781,1
0.454,0.0824,133.073,0.375,0.0194,0.0,4,0.935,1,187541,-7.509,0.357,1
0.314,0.0825,110.898,0.244,0.11,0.0,4,0.671,5,191600,-8.091,0.296,0
0.658,0.111,140.042,0.079,0.25,0.0,4,0.8,1,195429,-6.142,0.462,0
0.552,0.104,97.949,0.097,0.0765,0.334,4,0.596,0,229320,-10.278,0.112,0
0.758,0.305,144.033,0.0381,0.0422,0.0,4,0.773,1,224840,-4.993,0.925,1
0.646,0.108,176.088,0.319,0.152,1.81e-05,4,0.756,7,242573,-5.795,0.429,1
0.554,0.132,99.034,0.0383,0.207,0.0,4,0.774,0,162547,-7.909,0.349,1
0.766,0.366,144.836,0.449,0.0278,1.71e-06,4,0.576,10,246761,-4.943,0.236,0
0.786,0.38,150.028,0.091,0.26,0.0,4,0.706,0,199387,-3.417,0.751,0
0.877,0.233,107.991,0.0664,0.0375,0.000833,4,0.747,9,166138,-3.782,0.752,0
0.741,0.312,123.077,0.034,0.0275,0.0,4,0.646,5,203000,-4.973,0.571,0
0.633,0.0926,96.782,0.0599,0.0612,0.000195,4,0.695,8,232187,-4.946,0.557,1
0.622,0.116,102.04,0.0622,0.253,0.0,4,0.69,5,210091,-5.025,0.544,0
0.616,0.105,99.962,0.0645,0.378,0.0,4,0.728,4,181880,-4.238,0.508,1
0.661,0.0454,104.504,0.0572,0.0302,0.0,4,0.949,5,284200,-4.244,0.76,0
0.824,0.405,100.024,0.0707,0.284,0.0,4,0.778,10,218093,-5.892,0.758,0
0.559,0.385,129.992,0.0767,0.125,0.0,1,0.782,6,188344,-7.106,0.685,0
0.655,0.115,95.078,0.137,0.0525,0.0,4,0.715,0,207333,-6.425,0.531,1
0.54,0.261,137.972,0.0576,0.0895,0.0,4,0.584,1,220883,-7.786,0.195,0
0.726,0.318,103.98,0.155,0.00728,0.0,4,0.625,10,311867,-7.731,0.483,0
0.586,0.193,120.97,0.0377,0.162,2.03e-06,4,0.799,11,227833,-6.735,0.549,1
0.428,0.114,100.007,0.206,0.149,5.05e-05,4,0.88,9,172800,-8.28,0.333,1
0.593,0.307,134.165,0.0356,0.165,0.0,3,0.461,1,228373,-4.954,0.174,1
0.795,0.0717,79.028,0.0504,0.0417,0.000113,4,0.801,1,163253,-5.115,0.754,0
0.663,0.0994,102.0,0.0281,0.228,0.0,4,0.651,0,259453,-5.569,0.465,0
0.52,0.222,102.998,0.0656,0.447,1.97e-06,4,0.741,8,171030,-7.513,0.347,1
0.492,0.128,120.151,0.0276,0.0644,0.00428,4,0.828,0,257800,-9.744,0.789,1
0.963,0.139,129.992,0.0981,0.0295,0.0,4,0.581,11,204160,-4.087,0.788,1
0.909,0.119,93.372,0.0707,0.0891,9.7e-05,4,0.585,8,210747,-6.474,0.758,1
0.415,0.0616,114.145,0.0639,0.401,0.0,4,0.728,8,176320,-6.852,0.455,1
0.802,0.0931,144.015,0.0878,0.468,0.0,4,0.737,0,172325,-4.771,0.682,1
0.913,0.156,115.728,0.133,0.061,0.00158,4,0.574,6,208400,-4.793,0.423,0
0.598,0.1,109.998,0.0617,0.0798,5.47e-06,4,0.8,5,199849,-5.131,0.422,0
0.686,0.11,148.294,0.0903,0.133,0.0,4,0.568,11,208733,-4.901,0.4,0
0.713,0.059,120.032,0.0303,0.0205,0.0,4,0.742,1,189960,-5.522,0.879,0
0.734,0.145,107.853,0.107,0.0162,1.75e-06,4,0.623,9,244453,-5.948,0.37,1
0.887,0.294,122.509,0.0335,0.0778,0.000206,4,0.532,0,249293,-3.757,0.794,1
0.766,0.128,130.001,0.0343,0.00776,6.98e-05,4,0.762,7,287120,-3.955,0.442,1
0.642,0.0658,179.974,0.287,0.0204,0.0,4,0.745,7,131240,-6.257,0.226,0
0.692,0.153,159.966,0.0457,0.328,0.0,5,0.685,2,240051,-5.122,0.578,1
0.581,0.0759,114.016,0.0378,0.427,0.000204,4,0.885,11,313684,-8.813,0.728,1
0.925,0.52,86.989,0.227,0.241,0.0,4,0.749,10,263373,-5.034,0.641,1
0.417,0.113,138.178,0.0338,0.164,0.00196,4,0.209,3,295533,-8.74,0.124,1
0.366,0.133,141.981,0.0282,0.578,0.0,4,0.604,5,224695,-7.519,0.13,1
0.773,0.143,126.899,0.0524,0.323,0.0,4,0.826,11,238200,-4.218,0.761,0
0.643,0.262,143.944,0.232,0.0242,0.0,4,0.705,11,203760,-6.929,0.884,0
0.598,0.112,140.987,0.0539,0.0714,0.0,4,0.763,11,190678,-6.865,0.182,1
0.873,0.123,84.786,0.0564,0.0654,0.0,4,0.421,10,202533,-4.343,0.629,1
0.662,0.534,112.509,0.292,0.0852,0.0,4,0.897,1,145543,-6.903,0.39,0
0.653,0.103,150.097,0.081,0.456,0.0,4,0.547,5,174853,-3.875,0.163,1
0.736,0.198,127.999,0.0527,0.31,0.0,4,0.579,6,230613,-3.863,0.613,0
0.815,0.163,123.063,0.0581,0.0185,0.0,4,0.636,5,219043,-5.098,0.636,0
0.698,0.0886,96.021,0.042,0.00112,0.000115,4,0.652,10,202067,-4.667,0.47,0
0.514,0.398,79.975,0.0593,0.0655,0.0,4,0.647,8,240693,-10.05,0.386,1
0.764,0.117,107.998,0.0854,0.0888,0.00294,4,0.824,5,172627,-4.175,0.881,0
0.673,0.0904,110.962,0.159,0.264,3.35e-06,4,0.787,11,237893,-4.583,0.779,0
0.593,0.096,125.025,0.0323,0.093,1.65e-06,4,0.628,8,197267,-5.036,0.104,1
0.694,0.148,99.039,0.027,0.257,0.0,4,0.689,6,213307,-5.83,0.482,0
0.89,0.217,133.52,0.0364,0.000147,0.0117,4,0.502,4,292880,-5.175,0.259,1
0.791,0.157,102.071,0.124,0.0384,0.0,4,0.72,1,175427,-4.689,0.756,1
0.695,0.15,149.996,0.0913,0.175,0.0,4,0.778,4,132780,-6.865,0.472,0
0.373,0.0906,124.148,0.05,0.785,0.0,4,0.667,4,169266,-9.389,0.0823,1
0.658,0.0939,99.99,0.0304,0.0215,1.66e-06,4,0.653,2,221507,-6.428,0.219,1
0.808,0.0822,105.029,0.0881,0.0846,0.000289,4,0.786,7,301714,-3.702,0.608,1
0.345,0.141,84.581,0.0459,0.0576,0.000105,4,0.559,4,264307,-13.496,0.458,1
0.775,0.0543,93.431,0.234,0.16,0.00031,4,0.816,11,270587,-3.323,0.527,1
0.648,0.135,179.951,0.118,0.276,0.0,4,0.644,1,206710,-4.601,0.44,1
0.43,0.129,91.841,0.0369,0.0102,0.000141,4,0.515,7,238640,-9.935,0.104,1
0.612,0.37,180.917,0.112,0.584,5.7e-06,4,0.442,2,215507,-7.222,0.178,1
0.675,0.0595,96.507,0.214,0.542,1.28e-05,4,0.903,11,417920,-3.445,0.442,0
0.915,0.0503,89.006,0.279,0.083,0.0,3,0.4,0,198773,-4.89,0.871,1
0.574,0.15,142.053,0.487,0.067,0.0,4,0.795,2,237918,-6.903,0.537,0
0.745,0.292,165.995,0.342,0.145,0.0,4,0.808,10,210800,-5.26,0.829,0
0.425,0.322,102.078,0.0333,0.584,0.0,3,0.357,5,198040,-7.301,0.27,1
0.311,0.107,147.486,0.0288,0.82,1.65e-05,4,0.536,1,260533,-10.396,0.246,1
0.459,0.0788,109.997,0.0948,0.00323,0.0,4,0.759,8,164952,-5.187,0.695,1
0.767,0.127,96.483,0.027,0.0021,0.00165,4,0.592,9,329733,-2.788,0.328,0
0.606,0.0863,97.785,0.0255,0.181,0.000327,4,0.596,7,283800,-12.145,0.886,1
0.727,0.0626,180.067,0.389,0.185,2.46e-05,4,0.783,6,199112,-3.454,0.558,0
0.859,0.0424,141.02,0.0856,0.281,0.0,4,0.788,2,207853,-2.724,0.822,1
0.585,0.165,131.934,0.0512,0.00314,0.0,4,0.647,6,215672,-6.123,0.353,1
0.859,0.348,140.027,0.315,0.127,0.0,4,0.788,1,219333,-5.542,0.769,1
0.905,0.136,153.398,0.054,0.00172,0.0104,4,0.542,9,203347,-5.653,0.374,1
0.339,0.12,100.607,0.0338,0.691,0.0,4,0.38,3,229227,-7.885,0.0849,1
0.693,0.325,90.027,0.0377,0.211,6.92e-06,4,0.491,0,258267,-6.487,0.412,0
0.631,0.104,92.004,0.0368,0.0483,1.13e-05,4,0.691,2,161124,-6.478,0.8,1
0.457,0.146,146.04,0.0603,0.661,0.000331,4,0.592,9,110886,-6.081,0.225,0
0.719,0.0931,127.962,0.0506,0.302,0.000196,4,0.78,3,199604,-3.613,0.336,0
0.705,0.613,138.559,0.177,0.00836,0.00233,4,0.818,6,222640,-6.679,0.772,1
0.828,0.0426,174.034,0.124,0.00906,0.0,4,0.585,1,275987,-4.603,0.584,1
0.592,0.132,104.016,0.0276,0.209,5.08e-05,4,0.563,9,267933,-4.571,0.136,1
0.789,0.203,98.043,0.122,0.154,0.0,4,0.689,1,216409,-4.901,0.745,1
0.874,0.0489,122.953,0.0662,0.168,1.14e-05,4,0.734,8,166028,-3.158,0.905,1
0.742,0.593,189.868,0.0898,0.000185,0.0,4,0.279,4,231013,-6.46,0.328,0
0.637,0.0789,172.007,0.047,0.0717,1.08e-05,3,0.509,4,224000,-4.83,0.379,0
0.72,0.0749,90.062,0.348,0.259,0.0,4,0.904,6,193467,-2.776,0.805,0
0.781,0.0789,139.432,0.0567,0.041,4.21e-06,4,0.432,4,250286,-4.038,0.197,0
0.783,0.434,77.011,0.266,0.237,0.0,4,0.728,11,173381,-4.424,0.555,0
0.546,0.102,147.988,0.0579,0.298,0.0,4,0.806,9,212867,-6.637,0.875,1
0.594,0.0925,143.86,0.0486,0.348,0.0,4,0.381,3,290907,-5.97,0.273,1
0.834,0.0625,123.296,0.0298,0.00277,0.008,4,0.566,6,331560,-8.412,0.621,0
0.37,0.0841,144.828,0.0361,0.819,0.0577,4,0.475,4,200560,-7.725,0.157,0
0.481,0.269,150.076,0.0803,0.234,0.0,4,0.767,0,171375,-8.52,0.761,0
0.72,0.129,122.031,0.218,0.223,0.0,4,0.789,8,166794,-5.652,0.664,0
0.776,0.0775,127.984,0.0392,0.0234,0.0018,4,0.738,1,215520,-4.808,0.608,1
0.479,0.191,88.964,0.0261,0.544,0.00598,4,0.515,3,209274,-7.458,0.284,1
0.825,0.0936,118.091,0.0325,0.0215,2.44e-05,4,0.65,0,191014,-4.645,0.593,1
0.675,0.209,124.97,0.0279,0.00617,0.00197,4,0.545,6,267867,-6.474,0.162,1
0.873,0.354,148.075,0.128,0.0244,0.0,4,0.746,7,222093,-3.803,0.817,1
0.786,0.65,169.021,0.317,0.255,0.0,4,0.502,9,243491,-4.378,0.739,0
0.347,0.0871,75.016,0.35,0.015,7e-06,4,0.884,8,220307,-8.227,0.376,0
0.364,0.271,123.984,0.276,0.149,0.0,4,0.837,8,213594,-11.713,0.463,1
0.795,0.104,112.067,0.0527,0.347,0.00389,4,0.645,7,251489,-12.095,0.535,1
0.521,0.123,85.012,0.0329,0.0678,0.149,4,0.588,10,260173,-9.461,0.337,1
0.174,0.0983,112.672,0.0315,0.837,3.35e-05,4,0.681,1,260285,-8.745,0.231,1
0.547,0.132,95.002,0.0489,0.346,0.000302,4,0.778,2,242733,-7.273,0.441,1
0.974,0.174,79.526,0.0664,0.103,0.000532,4,0.727,4,235213,-2.261,0.965,0
0.758,0.308,128.047,0.0471,0.0111,0.0,4,0.722,11,201160,-4.477,0.62,0
0.862,0.192,119.991,0.0965,0.0923,0.0,4,0.645,11,229773,-4.757,0.798,0
0.766,0.509,127.96,0.0265,0.0873,0.0,4,0.743,0,289133,-6.375,0.61,1
0.616,0.0927,148.088,0.0324,0.182,0.0,4,0.586,5,242096,-7.964,0.719,1
0.426,0.132,84.876,0.122,0.12,0.0,4,0.674,7,190185,-9.504,0.337,1
0.57,0.299,113.945,0.052,0.484,0.0,4,0.644,9,212424,-6.994,0.527,1
0.711,0.12,125.135,0.0317,0.225,0.0,4,0.692,0,216933,-7.498,0.875,0
0.729,0.349,113.011,0.0884,0.167,1.39e-06,4,0.73,4,221820,-3.434,0.467,0
0.497,0.258,81.308,0.119,0.679,0.0,4,0.693,2,122067,-7.316,0.473,1
0.47,0.186,116.122,0.029,0.0936,3.15e-05,4,0.743,0,160333,-13.154,0.89,1
0.496,0.252,86.003,0.0905,0.259,0.0,4,0.889,4,180522,-6.365,0.544,0
0.62,0.112,120.031,0.232,0.414,0.0192,4,0.798,8,164000,-7.079,0.235,0
0.855,0.0987,125.639,0.0295,0.179,1.2e-06,4,0.666,9,268427,-5.051,0.803,0
0.584,0.108,120.026,0.041,0.0109,2.87e-06,4,0.783,7,193467,-6.572,0.631,1
0.741,0.415,153.96,0.0478,0.185,2.91e-05,4,0.601,2,153190,-5.569,0.441,1
0.678,0.156,84.039,0.266,0.209,0.0,4,0.637,0,250760,-3.798,0.254,1
0.802,0.694,124.022,0.0583,0.0921,0.0,4,0.721,1,229360,-5.797,0.724,1
0.585,0.153,126.058,0.0924,0.264,0.0,4,0.8,10,213400,-7.343,0.779,1
0.342,0.21,102.819,0.0425,0.55,0.0,4,0.516,4,206459,-8.985,0.0993,1
0.438,0.0787,108.965,0.0346,0.216,0.000466,4,0.815,0,243773,-14.522,0.552,0
0.454,0.318,131.007,0.0707,0.0138,4.83e-06,4,0.719,2,156943,-7.384,0.224,1
0.846,0.0486,87.981,0.22,0.00614,0.0,4,0.737,1,143901,-4.51,0.546,0
0.795,0.267,89.99,0.0976,0.0319,0.0,4,0.646,9,210960,-3.293,0.796,1
0.364,0.1,75.24,0.0367,0.808,0.0,4,0.524,7,209831,-10.209,0.436,1
0.764,0.0543,121.958,0.038,0.0476,9.44e-05,4,0.752,1,163216,-4.399,0.582,1
0.683,0.125,108.003,0.0253,0.00382,1.79e-06,4,0.61,2,241693,-3.879,0.466,0
0.71,0.109,91.972,0.0461,0.00125,0.0,4,0.564,11,225147,-4.92,0.393,0
0.611,0.0812,99.994,0.041,0.217,0.0,4,0.704,2,189467,-6.112,0.22,1
0.561,0.0793,130.098,0.0352,0.233,0.0,4,0.675,7,256533,-7.678,0.309,1
0.745,0.0943,101.018,0.0571,0.0642,0.0,4,0.893,11,223413,-3.105,0.872,0
0.674,0.128,134.941,0.0305,0.0409,0.0,4,0.675,1,201240,-4.984,0.569,1
0.52,0.115,120.001,0.0353,0.859,0.0,4,0.672,8,226600,-7.747,0.37,1
0.785,0.148,160.015,0.165,0.0561,0.0,4,0.647,7,219200,-5.414,0.943,1
0.686,0.528,79.928,0.0413,0.08,1.34e-06,4,0.647,3,258299,-5.745,0.268,0
0.798,0.15,92.207,0.0451,0.188,0.0,4,0.654,0,211760,-4.084,0.574,1
0.743,0.101,122.035,0.0379,0.269,0.0,4,0.64,10,262533,-4.08,0.361,1
0.708,0.0841,103.07,0.0474,0.0337,0.0,4,0.664,8,174800,-4.154,0.742,1
0.59,0.107,145.867,0.032,0.511,0.0,4,0.498,1,217867,-4.721,0.0784,0
0.609,0.0926,130.041,0.0707,0.304,0.0,4,0.664,1,210560,-6.509,0.194,1
0.225,0.128,81.055,0.0348,0.767,0.00349,3,0.332,0,298899,-8.697,0.297,1
0.54,0.179,129.177,0.0347,0.0339,0.00248,4,0.557,9,185733,-10.484,0.394,1
0.711,0.328,105.006,0.0406,0.0114,0.0,4,0.573,1,226198,-6.268,0.47,0
0.791,0.0388,105.018,0.112,0.0183,0.0,4,0.894,2,250373,-4.699,0.583,1
0.466,0.0915,79.936,0.0304,0.794,2.06e-06,4,0.685,0,163133,-9.074,0.353,1
0.819,0.104,117.956,0.0316,0.000176,0.00374,5,0.655,0,192790,-4.852,0.766,1
0.356,0.0963,96.991,0.195,0.223,0.0,4,0.765,11,198293,-5.556,0.189,0
0.585,0.0833,139.631,0.0268,0.0509,8.75e-05,4,0.449,5,278719,-6.761,0.212,1
0.692,0.0864,116.959,0.0259,0.0157,0.0,3,0.609,1,233720,-2.958,0.454,1
0.655,0.0849,172.01,0.0257,0.0794,7.06e-06,4,0.453,9,236160,-4.22,0.366,1
0.531,0.224,71.994,0.122,0.0703,0.0,4,0.716,7,386907,-7.355,0.344,1
0.858,0.102,176.042,0.0729,0.00359,0.0,4,0.393,4,228360,-2.868,0.56,0
0.652,0.077,113.055,0.052,0.408,6.63e-05,4,0.486,11,273684,-7.226,0.391,0
0.824,0.0916,120.125,0.0388,0.00016,0.00161,4,0.5,4,218920,-5.846,0.539,0
0.965,0.371,128.04,0.0343,0.00383,7.07e-06,4,0.561,7,175238,-3.673,0.304,0
0.573,0.0857,76.02,0.0277,0.613,0.000363,4,0.664,5,160097,-6.519,0.566,1
0.526,0.0457,94.992,0.293,0.0619,0.0,4,0.781,6,235613,-6.985,0.662,0
0.797,0.0546,139.994,0.0475,0.0826,0.000745,4,0.704,0,148486,-5.927,0.825,1
0.475,0.0639,98.047,0.0516,0.141,1.73e-05,4,0.801,7,213061,-8.797,0.234,0
0.586,0.193,125.971,0.2,0.114,0.0,4,0.823,6,190476,-6.606,0.347,0
0.663,0.152,132.77,0.0374,0.201,0.00806,4,0.64,0,140773,-7.516,0.663,1
0.787,0.0927,91.974,0.0746,0.14,0.0,4,0.804,10,309120,-3.824,0.562,0
0.502,0.764,129.842,0.0405,0.299,0.0,4,0.549,0,210200,-5.972,0.291,1
0.267,0.089,110.011,0.0299,0.839,1.46e-06,4,0.567,4,240133,-6.502,0.0592,1
0.545,0.0604,108.376,0.0546,0.719,0.00308,4,0.629,10,298933,-13.123,0.194,0
0.272,0.13,205.846,0.0501,0.875,0.0,4,0.582,2,188238,-5.662,0.354,1
0.569,0.1,80.015,0.106,0.0609,0.0816,4,0.854,5,205040,-8.151,0.294,0
0.523,0.0842,139.913,0.357,0.00454,0.0,4,0.638,1,185947,-6.664,0.422,1
0.574,0.146,120.013,0.0286,0.0175,0.00294,4,0.669,4,196400,-6.442,0.273,0
0.672,0.118,97.979,0.0688,0.0329,0.0,4,0.671,0,204173,-3.094,0.632,0
0.463,0.194,95.971,0.0287,0.374,0.0,4,0.732,11,212607,-6.972,0.397,0
0.722,0.113,175.627,0.357,0.0697,0.0,4,0.495,6,239267,-8.108,0.539,0
0.54,0.369,121.947,0.0491,0.299,0.0,4,0.695,4,168552,-5.688,0.415,1
0.251,0.106,139.999,0.259,0.782,0.00203,4,0.746,11,120027,-16.169,0.18,0
0.801,0.339,148.211,0.0302,0.0722,0.0339,4,0.725,5,348760,-10.059,0.925,1
0.824,0.0888,118.818,0.0453,0.207,0.000307,4,0.709,1,291293,-8.824,0.867,1
0.87,0.792,100.804,0.0428,0.358,0.000939,4,0.543,9,230400,-6.514,0.754,1
0.838,0.242,143.04,0.114,0.0249,0.025,4,0.774,5,198800,-3.914,0.924,0
0.317,0.141,169.914,0.0531,0.891,4.78e-06,3,0.44,8,233456,-9.258,0.268,1
0.69,0.238,122.006,0.04,0.0865,9.03e-05,4,0.786,3,195561,-4.665,0.485,1
0.648,0.115,75.977,0.0358,0.583,0.0,4,0.575,10,160240,-4.891,0.466,1
0.834,0.0732,139.13,0.0386,0.0183,0.0,4,0.509,2,216053,-6.205,0.774,1
0.35,0.144,72.017,0.0425,0.827,0.00122,3,0.453,9,185147,-11.639,0.279,0
0.955,0.317,123.343,0.0856,0.0326,0.284,4,0.445,8,273600,-8.027,0.336,1
0.394,0.0795,142.37,0.0262,0.0522,6.4e-06,3,0.547,4,388733,-9.793,0.17,0
0.412,0.104,154.983,0.123,0.0165,0.0126,4,0.912,7,238614,-8.074,0.423,1
0.622,0.356,104.966,0.0446,0.0357,4.85e-05,4,0.74,11,222707,-4.608,0.556,0
0.695,0.0527,104.879,0.0423,0.0138,0.0,4,0.583,9,220573,-5.336,0.224,1
0.486,0.0982,146.99,0.101,0.866,0.0,4,0.429,1,209493,-9.971,0.661,1
0.543,0.118,68.534,0.0919,0.492,1.58e-05,4,0.359,7,221307,-7.582,0.453,1
0.868,0.388,122.003,0.0731,0.0392,0.00169,4,0.738,11,212640,-4.373,0.336,0
0.411,0.0843,187.376,0.0484,0.174,0.153,3,0.188,0,305747,-9.733,0.159,1
0.921,0.0842,119.007,0.0363,0.00314,5.26e-05,4,0.695,0,294573,-3.752,0.714,1
0.636,0.172,120.966,0.103,0.515,0.000411,4,0.671,6,148197,-8.117,0.262,0
0.711,0.0528,138.098,0.0378,0.0997,0.0,4,0.723,0,192107,-5.576,0.606,0
0.45,0.382,178.765,0.0418,0.223,0.0,3,0.597,8,228482,-6.658,0.537,1
0.786,0.117,95.019,0.0383,0.00253,0.0016,4,0.598,2,231000,-5.572,0.456,1
0.502,0.11,111.029,0.0496,0.61,0.00765,4,0.863,1,207627,-7.912,0.567,1
0.784,0.119,172.041,0.062,0.446,8.32e-06,4,0.603,6,173104,-4.023,0.769,1
0.412,0.116,170.163,0.0402,0.737,0.0,3,0.483,7,203569,-8.461,0.247,1
0.581,0.25,130.033,0.0424,0.537,0.000345,4,0.613,0,239560,-8.588,0.551,0
0.416,0.11,113.986,0.0368,0.262,3.69e-05,4,0.324,11,236053,-8.92,0.151,0
0.613,0.0813,97.914,0.0522,0.391,0.0,4,0.716,1,221520,-6.018,0.157,0
0.647,0.248,87.999,0.136,0.0515,0.0,4,0.79,10,211000,-5.983,0.654,0
0.494,0.402,168.946,0.0355,0.613,5.8e-05,4,0.686,1,232067,-7.093,0.7,1
0.548,0.133,83.995,0.353,0.65,1.59e-06,4,0.709,10,160000,-8.493,0.543,1
0.607,0.191,81.001,0.1,0.0267,0.000307,4,0.684,11,195373,-8.127,0.498,0
0.806,0.114,106.999,0.0381,0.382,0.000669,4,0.801,11,239318,-5.206,0.802,1
0.454,0.114,81.618,0.201,0.321,6.15e-06,4,0.834,1,247059,-9.75,0.837,0
0.554,0.152,140.026,0.218,0.161,6.12e-05,4,0.831,1,168228,-9.998,0.396,0
0.562,0.18,116.931,0.0355,0.0186,0.000231,4,0.755,9,184613,-8.947,0.368,0
0.779,0.101,173.799,0.0779,0.112,0.000373,4,0.468,9,217747,-4.839,0.26,1
0.308,0.186,111.202,0.0677,0.946,0.0,4,0.736,4,220492,-7.83,0.361,1
0.653,0.1,117.993,0.103,0.0484,4.91e-05,4,0.793,7,263373,-7.839,0.393,1
0.789,0.451,142.929,0.0722,0.0161,2.77e-06,4,0.71,4,131064,-3.874,0.717,1
0.247,0.103,127.812,0.0311,0.261,0.0,4,0.706,5,202120,-17.961,0.424,1
0.709,0.126,128.07,0.123,0.204,1.41e-05,4,0.766,9,211853,-6.471,0.506,0
0.725,0.12,102.056,0.0487,0.0933,1.87e-06,4,0.6,6,207905,-4.866,0.506,1
0.938,0.167,91.455,0.0456,0.0179,0.0,4,0.618,9,269000,-3.442,0.875,1
0.471,0.116,93.07,0.0955,0.0946,0.0185,4,0.538,4,142000,-9.84,0.307,0
0.89,0.201,90.586,0.06,0.000481,0.00082,4,0.589,4,199907,-3.719,0.687,0
0.694,0.292,93.944,0.275,0.176,0.0,4,0.895,9,230000,-4.384,0.632,1
0.465,0.303,89.087,0.0791,0.524,1.02e-06,3,0.449,0,198371,-8.964,0.543,1
0.97,0.154,114.328,0.0504,0.0573,6.17e-05,4,0.808,10,242293,-6.098,0.868,0
0.882,0.206,102.04,0.117,0.0466,0.0,4,0.742,7,221176,-2.862,0.463,1
0.172,0.105,65.18,0.0326,0.907,0.000383,3,0.317,10,212040,-10.636,0.0963,1
0.603,0.0924,98.043,0.176,0.0521,0.0,4,0.861,8,228760,-5.788,0.504,0
0.658,0.237,145.031,0.0558,0.0233,6e-05,4,0.602,1,197547,-5.934,0.268,1
0.77,0.0715,99.165,0.226,0.00249,0.0,4,0.646,2,236133,-6.596,0.681,0
0.843,0.799,148.134,0.314,0.395,0.0,4,0.709,7,363521,-2.66,0.625,1
0.147,0.0913,141.284,0.0355,0.857,2.89e-06,3,0.407,2,229400,-8.822,0.0765,1
0.771,0.354,90.003,0.0316,0.00492,7.28e-06,4,0.671,7,223546,-4.821,0.436,0
0.837,0.289,120.028,0.142,0.0991,0.0,4,0.755,2,199693,-2.718,0.714,0
0.53,0.177,108.038,0.0434,0.4,0.0,3,0.63,0,225053,-7.259,0.417,1
0.795,0.399,158.691,0.0926,0.0493,0.00244,4,0.464,1,202267,-9.267,0.612,1
0.649,0.367,166.915,0.035,0.0158,0.00591,4,0.309,7,306440,-8.994,0.312,1
0.677,0.108,90.013,0.136,0.269,0.000917,4,0.845,11,219048,-4.798,0.68,0
0.943,0.242,94.612,0.0698,0.00721,2.06e-06,4,0.331,4,235893,-3.188,0.296,0
0.823,0.322,128.035,0.0394,0.213,0.0,4,0.646,2,227267,-4.123,0.418,0
0.611,0.116,185.727,0.0467,0.0228,0.0,3,0.41,4,184448,-8.271,0.0899,0
0.741,0.0826,111.963,0.0339,0.0172,0.0583,4,0.836,8,182066,-1.609,0.611,1
0.959,0.344,122.805,0.0505,0.0663,2.18e-06,4,0.541,0,222707,-2.947,0.812,0
0.649,0.216,121.16,0.0345,0.172,0.0,4,0.39,2,299760,-5.163,0.144,1
0.443,0.0839,168.924,0.133,0.765,9.67e-06,3,0.395,6,175933,-9.72,0.338,1
0.73,0.11,115.007,0.0516,0.145,3.06e-06,4,0.759,0,268434,-7.985,0.74,0
0.705,0.0943,101.003,0.0278,0.0371,1.94e-05,4,0.764,3,196520,-5.279,0.672,0
0.799,0.349,120.372,0.0328,0.22,0.000602,4,0.71,6,238267,-4.897,0.725,1
0.47,0.505,67.086,0.0496,0.617,0.0,4,0.598,8,126267,-8.744,0.879,1
0.621,0.291,191.868,0.117,0.0489,0.0,4,0.525,7,204093,-7.364,0.592,1
0.744,0.292,82.356,0.136,0.33,0.000106,4,0.798,7,260000,-5.328,0.794,0
0.881,0.0805,158.066,0.0367,5.99e-05,0.000308,4,0.413,11,250547,-5.541,0.364,0
0.711,0.234,138.728,0.0473,0.0242,0.000353,4,0.776,3,258400,-9.03,0.901,0
0.84,0.116,129.042,0.0509,0.112,0.0,4,0.612,11,212862,-3.145,0.438,0
0.67,0.0451,151.553,0.0496,0.009,0.000822,4,0.545,9,270213,-8.81,0.481,1
0.467,0.109,94.473,0.0274,0.0194,0.46,4,0.369,5,290147,-9.018,0.174,1
0.291,0.114,103.962,0.0292,0.872,0.0,4,0.658,2,232533,-10.572,0.295,1
0.433,0.332,160.9,0.029,0.388,9.08e-05,4,0.307,1,266960,-10.057,0.224,1
0.524,0.17,164.023,0.103,0.0415,3.16e-06,4,0.69,6,223080,-8.39,0.562,0
0.696,0.0554,93.034,0.348,0.0195,0.0,4,0.629,1,207627,-5.572,0.623,0
0.602,0.356,134.049,0.0412,0.0529,0.0,3,0.664,4,235947,-5.369,0.289,0
0.752,0.0682,105.051,0.0369,0.0191,0.0,4,0.521,11,243960,-5.374,0.3,0
0.532,0.0925,136.576,0.0286,0.433,5.95e-06,4,0.601,10,281613,-9.119,0.342,1
0.897,0.612,148.708,0.0488,0.0103,0.0,4,0.434,0,167067,-4.918,0.685,1
0.781,0.036,119.977,0.0862,0.0039,0.0,4,0.751,4,202613,-3.724,0.814,1
0.811,0.101,116.047,0.038,0.0426,1.07e-06,4,0.794,6,248413,-8.966,0.862,0
0.524,0.203,83.97,0.0502,0.112,0.0,4,0.653,11,160191,-9.016,0.553,0
0.715,0.126,106.672,0.253,0.0993,0.000291,4,0.65,5,243717,-5.198,0.187,0
0.75,0.074,114.061,0.0455,0.0201,0.0,4,0.772,5,165265,-3.67,0.587,0
0.346,0.108,119.957,0.53,0.0355,0.0,4,0.963,5,142273,-9.309,0.562,0
0.855,0.323,123.056,0.0397,0.021,0.0,4,0.672,9,182200,-3.764,0.646,1
0.802,0.309,100.001,0.0561,0.0435,0.00377,4,0.713,4,226739,-7.055,0.343,1
0.702,0.128,94.006,0.0499,0.0215,0.0,4,0.688,7,192191,-4.792,0.74,0
0.768,0.325,123.07,0.0394,0.0119,4.91e-06,4,0.781,11,213309,-5.991,0.486,1
0.545,0.417,159.94,0.107,0.667,5.48e-05,3,0.545,9,184516,-7.362,0.549,1
0.858,0.0456,133.993,0.0428,0.00163,0.0,4,0.662,2,181673,-4.844,0.295,1
0.832,0.266,117.963,0.0474,0.352,0.0,4,0.729,1,195313,-5.012,0.697,1
0.68,0.109,114.025,0.0629,0.00906,0.0,4,0.775,0,207719,-5.508,0.656,0
0.53,0.101,135.998,0.127,0.0578,2.23e-06,4,0.907,1,113000,-6.112,0.507,1
0.63,0.111,89.991,0.0259,0.153,0.0,4,0.654,10,167693,-4.644,0.43,1
0.688,0.0734,90.013,0.0841,0.633,0.0,4,0.765,4,229573,-5.566,0.434,1
0.223,0.343,92.896,0.0338,0.88,5.92e-06,3,0.331,4,207200,-11.274,0.355,1
0.593,0.25,94.467,0.0322,0.653,0.162,3,0.515,4,209260,-4.801,0.153,1
0.306,0.0707,118.068,0.0393,0.57,7.07e-06,4,0.65,9,180056,-9.443,0.605,1
0.673,0.304,121.963,0.0444,0.148,5.29e-05,4,0.671,11,237720,-6.941,0.494,0
0.917,0.406,171.176,0.0479,0.0335,0.0,4,0.356,9,357267,-6.006,0.518,1
0.235,0.144,118.917,0.188,0.72,0.0,4,0.498,1,179080,-16.541,0.0895,0
0.235,0.137,171.006,0.0303,0.918,0.0,3,0.329,10,204326,-7.699,0.22,1
0.941,0.0511,179.626,0.0466,3.84e-05,0.633,4,0.345,9,147062,-9.918,0.407,1
0.735,0.089,121.985,0.0923,0.0176,0.000189,4,0.73,1,255867,-5.451,0.541,1
0.389,0.106,120.046,0.332,0.74,0.162,4,0.905,8,193143,-14.505,0.196,1
0.673,0.093,165.921,0.175,0.000307,2.41e-06,4,0.529,0,218365,-4.711,0.366,1
0.838,0.159,104.998,0.0362,0.0604,0.000611,4,0.67,0,222041,-4.031,0.717,1
0.176,0.252,76.031,0.0349,0.638,5.14e-06,4,0.641,6,299147,-11.692,0.297,1
0.47,0.104,89.965,0.0772,0.353,0.0923,4,0.715,5,111627,-12.638,0.426,0
0.941,0.068,135.448,0.0375,0.0167,0.000776,4,0.586,5,223613,-5.139,0.831,1
0.875,0.599,123.013,0.0262,0.024,5.41e-06,4,0.763,9,189413,-5.797,0.8,0
0.589,0.177,111.665,0.0318,0.292,0.000522,4,0.542,2,303200,-6.623,0.137,1
0.916,0.24,126.01,0.0397,0.0282,0.00762,4,0.671,6,189127,-4.014,0.803,0
0.51,0.0829,119.993,0.0369,0.00821,0.0014,4,0.829,5,208133,-9.334,0.45,0
0.623,0.0925,89.937,0.0331,0.538,7.28e-05,4,0.532,5,261923,-9.208,0.403,1
0.69,0.113,179.908,0.0511,0.443,0.0,4,0.628,8,205907,-5.83,0.66,1
0.632,0.128,145.926,0.0649,0.142,0.0,4,0.794,0,291893,-6.163,0.355,1
0.671,0.0452,118.413,0.0678,0.304,0.0,5,0.509,1,227480,-5.709,0.55,1
0.485,0.0765,106.028,0.0545,0.246,0.0,4,0.869,6,204502,-5.595,0.527,1
0.581,0.105,140.022,0.27,0.00104,5.86e-05,4,0.922,10,181263,-7.495,0.595,1
0.525,0.114,90.853,0.042,0.665,0.423,4,0.785,6,238907,-7.556,0.251,1
0.543,0.103,133.907,0.298,0.182,0.0,4,0.924,9,207813,-7.474,0.736,0
0.662,0.152,99.879,0.174,0.155,0.0,4,0.679,8,222801,-6.069,0.438,0
0.564,0.0696,117.973,0.0315,0.683,0.000252,4,0.777,2,186147,-6.967,0.465,0
0.702,0.204,129.948,0.0455,0.00637,4.46e-05,4,0.686,7,214840,-5.325,0.29,0
0.682,0.0763,165.944,0.0856,0.153,0.0,4,0.561,1,202205,-4.931,0.359,0
0.924,0.149,111.995,0.036,0.00205,0.000175,4,0.638,7,263787,-3.887,0.53,1
0.709,0.0491,94.979,0.0673,0.105,0.0,4,0.911,10,199938,-4.139,0.365,0
0.78,0.0828,125.014,0.0436,0.0309,4.64e-05,4,0.545,7,255093,-4.867,0.458,0
0.413,0.0724,100.003,0.0952,0.00415,2.68e-05,4,0.776,6,227880,-7.438,0.287,0
0.717,0.625,190.05,0.318,0.00256,0.0,4,0.618,7,196693,-5.738,0.603,1
0.805,0.0856,126.008,0.0469,0.00711,0.00193,4,0.506,1,227074,-4.119,0.383,1
0.504,0.0783,120.0,0.0489,0.00412,1.78e-05,4,0.861,7,263053,-7.707,0.881,1
0.509,0.083,76.004,0.0722,0.24,0.0,4,0.344,5,485360,-6.607,0.529,0
0.786,0.145,103.172,0.0338,0.0234,0.0,4,0.455,1,267693,-5.16,0.416,1
0.638,0.0849,184.086,0.075,0.02,7.66e-05,4,0.378,10,250627,-5.576,0.735,1
0.622,0.37,80.003,0.0334,0.00882,0.0,4,0.613,1,231240,-5.794,0.484,0
0.289,0.18,84.996,0.0367,0.669,0.0,4,0.642,9,258373,-9.918,0.407,1
0.926,0.0928,100.043,0.15,0.0892,4.4e-06,4,0.635,0,189840,-5.589,0.771,1
0.525,0.057,145.99,0.132,0.236,0.0,4,0.886,8,225205,-7.39,0.708,1
0.692,0.324,116.017,0.0431,0.0412,7.24e-05,4,0.874,5,178560,-5.28,0.937,0
0.663,0.119,121.07,0.0477,0.225,0.0,4,0.6,3,245493,-5.802,0.286,1
0.873,0.314,126.026,0.0344,0.0534,0.837,4,0.605,1,199904,-5.938,0.476,0
0.687,0.114,96.006,0.263,0.0208,1e-06,4,0.869,1,233787,-6.816,0.668,1
0.795,0.254,104.066,0.0545,0.498,1.21e-06,4,0.736,1,230813,-3.299,0.511,0
0.653,0.229,75.016,0.289,0.378,0.0,4,0.746,7,253107,-6.745,0.672,1
0.666,0.123,127.079,0.244,0.0611,0.0,4,0.926,11,343150,-5.314,0.168,1
0.575,0.129,81.529,0.133,0.105,0.0,4,0.785,1,222360,-5.628,0.272,0
0.914,0.744,153.993,0.113,0.0161,0.0,4,0.542,0,292093,-4.747,0.576,0
0.619,0.105,112.961,0.162,0.0572,0.0,4,0.739,10,222787,-6.669,0.58,1
0.868,0.104,121.03,0.0291,0.15,0.132,4,0.703,7,193613,-4.661,0.733,0
0.498,0.0757,81.958,0.083,0.23,0.0,4,0.665,5,179613,-8.185,0.127,1
0.867,0.0861,104.02,0.032,0.0394,0.0,4,0.731,11,200373,-5.881,0.776,1
0.723,0.346,125.022,0.109,0.0672,0.0,4,0.929,11,223962,-5.792,0.458,0
0.582,0.111,107.005,0.109,0.111,3.18e-06,4,0.902,5,173948,-5.902,0.332,0
0.791,0.0516,104.015,0.0418,0.0883,0.0,4,0.739,11,181615,-4.255,0.547,0
0.765,0.118,99.987,0.0882,0.063,7.04e-06,4,0.884,8,224573,-3.865,0.594,1
0.773,0.159,102.034,0.0776,0.187,3.05e-05,4,0.852,8,195840,-2.921,0.907,0
0.777,0.0451,91.017,0.108,0.0426,3.68e-06,4,0.723,7,243413,-3.503,0.961,1
0.425,0.055,85.896,0.0464,0.011,0.0,4,0.735,0,188174,-6.648,0.848,1
0.931,0.361,122.961,0.0719,0.00076,0.0049,4,0.451,9,302840,-3.871,0.172,1
0.859,0.0881,91.977,0.0795,0.0256,6.27e-05,4,0.744,11,232787,-3.166,0.787,1
0.838,0.176,93.974,0.0502,0.4,0.0,4,0.761,4,222560,-3.073,0.71,0
0.772,0.44,96.016,0.1,0.0559,0.000486,4,0.832,10,209453,-5.429,0.704,1
0.616,0.321,94.758,0.0747,0.045,0.0,4,0.852,0,227600,-4.728,0.685,1
0.731,0.308,87.908,0.0868,0.0534,0.0,4,0.589,2,268867,-6.343,0.191,1
0.892,0.137,95.989,0.0417,0.0376,0.0,4,0.733,0,173720,-3.641,0.675,1
0.192,0.0954,175.212,0.04,0.555,8.35e-06,3,0.369,4,228013,-12.151,0.148,0
0.732,0.269,146.005,0.0459,0.00315,9.57e-06,4,0.583,11,213428,-5.729,0.277,0
0.735,0.242,115.744,0.0457,0.286,0.0,4,0.673,5,201287,-4.733,0.754,1
0.9,0.119,104.655,0.0499,0.116,1.75e-05,4,0.427,11,334667,-3.674,0.599,1
0.669,0.0535,122.669,0.0637,0.0341,7.18e-05,4,0.834,6,267080,-5.582,0.547,0
0.494,0.0361,74.103,0.0699,0.00956,5.82e-06,4,0.825,9,180440,-10.486,0.627,1
0.924,0.204,127.937,0.031,0.000972,0.00703,4,0.707,7,206413,-2.842,0.919,1
0.186,0.0779,72.541,0.042,0.868,0.0,4,0.708,9,156106,-8.953,0.322,0
0.4,0.0599,135.984,0.127,0.0516,0.0,4,0.9,0,197573,-8.575,0.346,1
0.745,0.0973,94.002,0.0447,0.352,4e-05,4,0.788,11,190160,-4.417,0.79,0
0.805,0.203,93.982,0.0752,0.315,0.0,4,0.754,6,176133,-4.249,0.555,1
0.711,0.13,140.016,0.0665,0.0573,0.0,4,0.622,5,211360,-7.321,0.487,1
0.624,0.123,158.087,0.114,0.11,0.0,4,0.715,4,173325,-3.046,0.412,0
0.785,0.203,106.046,0.0333,0.327,0.0,4,0.687,1,194408,-4.65,0.655,1
0.749,0.0713,90.09,0.516,0.142,0.0,4,0.748,8,221013,-5.916,0.659,0
0.584,0.0996,117.2,0.0345,0.000385,0.218,3,0.295,9,271280,-6.696,0.228,0
0.6,0.184,129.987,0.032,0.43,0.0,4,0.663,7,151667,-10.87,0.797,1
0.34,0.116,82.433,0.0339,0.58,0.0032,4,0.338,9,482830,-12.049,0.197,0
0.864,0.162,110.009,0.0324,0.101,0.0,4,0.768,11,173027,-6.149,0.891,1
0.934,0.132,127.066,0.119,0.000278,0.0015,4,0.417,7,210240,-3.908,0.287,0
0.793,0.582,107.045,0.166,0.0603,0.0,4,0.687,2,205733,-4.254,0.751,1
0.502,0.122,100.541,0.046,0.101,0.0,4,0.831,10,205427,-4.045,0.101,0
0.554,0.106,170.0,0.0915,0.0421,0.0,4,0.727,5,190440,-5.29,0.335,0
0.713,0.137,129.923,0.0747,0.181,0.000637,4,0.637,0,226973,-4.333,0.243,1
0.648,0.134,143.955,0.0449,0.0956,0.0,4,0.708,6,201707,-5.626,0.338,1
0.387,0.136,125.978,0.412,0.088,0.0,4,0.931,1,179405,-9.127,0.376,1
0.853,0.12,110.046,0.0714,0.0526,0.0,4,0.781,1,250189,-3.68,0.626,0
0.303,0.115,133.406,0.0429,0.694,0.0,3,0.483,4,240166,-10.058,0.139,1
0.783,0.437,92.01,0.0432,0.361,0.0,4,0.795,5,266087,-4.271,0.799,1
0.749,0.3,179.968,0.056,0.0338,0.00106,4,0.594,9,172854,-5.298,0.694,0
0.625,0.248,146.034,0.0315,0.194,0.00986,4,0.729,4,183907,-5.266,0.261,1
0.782,0.64,94.023,0.0907,0.0505,0.0,4,0.777,0,221653,-4.435,0.773,0
0.709,0.0745,171.993,0.336,0.323,0.0,4,0.767,1,256972,-4.47,0.72,1
0.756,0.349,94.027,0.132,0.213,0.0,4,0.766,5,230000,-5.861,0.716,1
0.39,0.137,129.972,0.0846,0.178,0.0,4,0.843,2,160627,-7.899,0.495,1
0.744,0.074,124.08,0.0295,0.0404,0.00016,4,0.677,10,152913,-6.806,0.631,0
0.736,0.238,101.928,0.224,0.178,0.0,4,0.576,11,162587,-7.572,0.484,1
0.675,0.55,119.968,0.0312,0.175,1.58e-06,4,0.729,8,245867,-6.003,0.779,1
0.335,0.262,120.04,0.505,0.17,0.0,4,0.94,5,209640,-10.179,0.707,0
0.823,0.134,123.943,0.0622,0.489,0.0,4,0.691,2,191467,-4.197,0.87,1
0.637,0.368,88.693,0.0569,0.0732,0.0,4,0.307,3,260773,-6.993,0.0805,1
0.693,0.215,111.539,0.0565,0.19,0.0,3,0.497,8,296493,-7.024,0.358,1
0.83,0.118,182.162,0.0571,0.033,0.0,4,0.61,0,193000,-4.105,0.728,1
0.458,0.148,98.977,0.0316,0.441,0.0,4,0.736,5,162547,-7.437,0.65,1
0.795,0.0756,123.229,0.0574,0.00316,0.000202,4,0.458,0,255373,-3.265,0.513,1
0.338,0.248,177.765,0.0329,0.652,3.73e-06,4,0.388,10,303373,-10.054,0.478,1
0.631,0.123,128.978,0.0515,0.291,0.000209,4,0.862,7,223488,-4.746,0.841,1
0.806,0.121,119.001,0.0787,0.119,1.72e-06,4,0.851,4,237200,-4.618,0.774,1
0.86,0.262,127.075,0.0554,0.0991,0.0,4,0.608,5,232947,-5.324,0.437,0
0.865,0.168,99.005,0.0286,0.00664,1.1e-05,4,0.545,11,233933,-5.708,0.543,0
0.695,0.174,168.124,0.0671,0.00638,0.0,4,0.58,6,232147,-8.244,0.402,0
0.887,0.124,134.052,0.0503,0.0573,2.87e-06,4,0.807,9,187920,-3.726,0.961,1
0.757,0.102,95.983,0.0564,0.283,1.56e-06,4,0.827,6,185195,-2.985,0.374,0
0.527,0.14,123.943,0.0415,0.129,0.0,4,0.598,10,168387,-8.659,0.53,0
0.844,0.102,146.967,0.0457,0.0137,0.000658,4,0.647,0,193829,-3.756,0.746,1
0.693,0.0909,87.017,0.35,0.2,0.0,4,0.67,6,212093,-8.34,0.388,1
0.716,0.73,105.093,0.0561,0.0295,0.000758,4,0.732,10,214855,-6.968,0.666,0
0.696,0.13,94.09,0.197,0.11,0.0,4,0.834,5,272533,-3.224,0.804,1
0.656,0.146,104.036,0.0357,0.188,0.0,4,0.638,5,262467,-5.886,0.225,1
0.31,0.117,111.893,0.0283,0.945,6.12e-05,4,0.621,9,240707,-10.164,0.125,0
0.558,0.107,110.444,0.0542,0.148,0.0,4,0.704,2,222091,-7.273,0.245,0
0.444,0.104,118.402,0.106,0.603,6.86e-06,3,0.609,7,228707,-9.129,0.166,1
0.549,0.134,90.04,0.0285,0.0209,8.85e-06,4,0.644,1,253813,-5.415,0.167,0
0.787,0.0596,124.99,0.0737,0.009,0.0,4,0.726,4,199987,-2.494,0.888,1
0.479,0.088,81.998,0.0278,0.633,1.76e-05,4,0.675,0,209493,-9.87,0.454,0
0.347,0.11,110.059,0.0536,0.308,2e-05,4,0.868,5,207680,-9.529,0.659,1
0.518,0.104,151.891,0.0897,0.223,0.0,4,0.815,7,177667,-6.594,0.877,0
0.955,0.202,125.989,0.222,0.127,0.0,4,0.707,10,134240,-4.593,0.575,0
0.797,0.26,120.041,0.0533,0.00543,0.00137,4,0.611,6,218107,-7.627,0.518,0
0.678,0.101,103.952,0.0324,0.0151,5.71e-06,4,0.693,8,228267,-7.159,0.404,1
0.662,0.118,180.114,0.0439,0.0275,0.0,4,0.512,3,228347,-6.797,0.472,1
0.814,0.158,144.991,0.0657,0.0172,0.0,4,0.625,0,205485,-5.181,0.535,1
0.833,0.0586,128.008,0.045,0.374,0.0,4,0.747,3,215760,-2.867,0.687,0
0.619,0.122,125.046,0.0386,0.0716,0.0,4,0.684,10,217440,-7.005,0.284,1
0.805,0.408,142.096,0.351,0.212,0.000405,4,0.548,7,216387,-5.732,0.649,1
0.604,0.272,145.062,0.245,0.017,0.0,4,0.923,11,139741,-6.671,0.826,0
0.621,0.0865,97.989,0.0825,0.148,0.0,4,0.857,9,204467,-6.376,0.668,0
0.774,0.393,112.05,0.0892,0.0686,0.00188,4,0.674,11,176547,-7.567,0.33,0
0.943,0.091,85.064,0.0602,0.00293,8.71e-06,4,0.442,3,181533,-3.205,0.781,1
0.429,0.141,110.171,0.0285,0.000202,0.355,4,0.54,2,295516,-11.822,0.113,1
0.294,0.0749,74.038,0.0321,0.422,5.2e-05,4,0.658,4,278180,-8.533,0.358,0
0.678,0.149,138.009,0.102,0.273,0.0,4,0.713,5,271333,-3.525,0.734,0
0.413,0.134,93.005,0.0299,0.213,0.0,4,0.662,0,161385,-7.357,0.467,1
0.583,0.406,150.566,0.0376,0.185,0.0,4,0.491,7,183307,-10.964,0.908,1
0.939,0.298,129.024,0.161,0.191,0.0,4,0.671,8,252307,-3.206,0.53,1
0.454,0.155,92.928,0.153,0.123,0.0,4,0.696,1,260640,-6.756,0.136,0
0.862,0.303,122.98,0.126,0.0076,0.000132,4,0.824,2,169153,-3.424,0.801,1
0.498,0.795,79.635,0.0685,0.23,5.98e-06,4,0.554,9,190067,-8.866,0.413,1
0.64,0.112,79.79,0.0291,0.016,0.22,4,0.294,11,536067,-9.316,0.226,1
0.98,0.182,100.316,0.101,0.019,0.00692,4,0.268,11,405600,-5.959,0.39,1
0.688,0.409,99.977,0.201,0.159,1.29e-05,4,0.6,5,156600,-8.339,0.0793,0
0.715,0.201,137.028,0.0432,0.00552,0.000417,4,0.276,0,230760,-5.356,0.173,1
0.954,0.205,114.635,0.264,0.529,0.0,5,0.855,0,248133,-1.19,0.668,0
0.609,0.139,128.008,0.0791,0.0928,0.0,4,0.918,10,231400,-5.64,0.304,0
0.608,0.178,132.507,0.0387,0.00165,0.0,4,0.75,1,173347,-4.008,0.958,1
0.583,0.0519,117.0,0.0789,0.0584,0.0,4,0.967,7,242733,-5.562,0.964,0
0.487,0.0852,114.965,0.0303,0.258,0.01,4,0.73,4,226653,-10.991,0.731,1
0.764,0.099,172.094,0.033,0.00135,0.0,4,0.446,10,223840,-5.042,0.543,1
0.701,0.0589,126.975,0.0458,0.257,7.52e-06,4,0.871,5,198440,-5.594,0.716,0
0.867,0.0368,93.033,0.116,0.11,0.0,4,0.66,6,180480,-4.285,0.377,0
0.292,0.131,103.951,0.037,0.313,0.0,4,0.711,4,296800,-15.523,0.194,0
0.463,0.338,90.035,0.0842,0.21,0.0382,4,0.749,11,226987,-8.433,0.189,1
0.902,0.0558,100.012,0.0346,0.0591,0.000227,4,0.673,2,194240,-2.392,0.536,1
0.816,0.0608,111.346,0.0299,0.168,0.0181,4,0.66,2,263040,-6.61,0.678,1
0.849,0.058,162.152,0.0526,0.0371,0.0,4,0.643,2,165853,-5.428,0.903,1
0.852,0.0733,140.267,0.0543,0.00237,5.79e-05,4,0.52,0,253587,-5.866,0.234,1
0.776,0.3,77.987,0.0459,0.0572,7.74e-06,4,0.585,5,244507,-5.898,0.427,1
0.681,0.0504,108.789,0.0298,0.00088,0.0023,4,0.377,7,285133,-8.039,0.285,1
0.768,0.518,80.063,0.238,0.0371,2.34e-06,4,0.78,6,404107,-4.325,0.507,0
0.304,0.137,119.705,0.0993,0.779,0.000993,4,0.699,1,160184,-11.192,0.271,1
0.842,0.122,162.011,0.0843,0.00579,0.0,4,0.494,7,229093,-4.784,0.574,1
0.86,0.598,126.979,0.203,0.271,4.56e-06,4,0.723,11,200013,-4.357,0.667,1
0.939,0.108,113.309,0.0376,0.115,3.79e-05,4,0.721,8,213573,-11.823,0.914,1
0.852,0.0723,128.373,0.038,0.214,7.36e-05,4,0.768,4,271240,-6.215,0.867,1
0.628,0.271,153.119,0.036,0.13,0.0,4,0.574,2,300107,-8.815,0.803,0
0.808,0.241,91.012,0.0572,0.0721,0.0,4,0.689,0,207680,-3.28,0.674,1
0.81,0.667,126.022,0.0406,0.00129,2.91e-05,4,0.652,3,230733,-3.789,0.732,0
0.767,0.39,127.361,0.0574,0.00287,0.000513,4,0.532,7,210173,-5.509,0.755,1
0.761,0.0601,130.032,0.0812,0.0465,0.000135,4,0.812,11,182956,-5.222,0.344,1
0.835,0.0795,84.858,0.0911,0.0583,2.87e-06,4,0.688,8,230493,-4.162,0.88,1
0.758,0.303,97.094,0.0371,0.00616,0.0,4,0.288,6,201726,-5.692,0.619,0
0.813,0.144,112.115,0.0288,0.00178,2.26e-05,4,0.646,6,173493,-5.29,0.821,0
0.723,0.374,130.141,0.0568,0.145,0.0,4,0.431,8,267360,-5.887,0.19,1
0.482,0.0842,138.453,0.0599,0.7,0.0,4,0.529,4,516893,-11.709,0.492,0
0.81,0.117,149.954,0.0847,0.0416,0.00379,4,0.492,7,251840,-5.315,0.245,1
0.716,0.251,125.006,0.0751,0.135,0.0,4,0.747,11,210627,-2.457,0.751,0
0.83,0.114,170.094,0.14,0.0807,0.0,4,0.569,9,186635,-4.106,0.609,0
0.56,0.0794,161.993,0.0467,0.498,0.0,4,0.658,6,182947,-9.049,0.854,0
0.674,0.115,99.968,0.0333,0.294,1.18e-06,4,0.804,5,245940,-5.453,0.292,0
0.917,0.197,126.115,0.0638,0.00428,0.0,4,0.55,0,177827,-3.159,0.601,1
0.65,0.0829,110.02,0.0313,0.0702,6.69e-05,4,0.729,5,209160,-3.539,0.347,1
0.904,0.14,176.811,0.179,0.355,0.118,4,0.505,6,183440,-6.863,0.773,1
0.315,0.101,128.187,0.0299,0.828,5.52e-06,4,0.552,3,241787,-11.028,0.324,1
0.428,0.148,145.075,0.0278,0.382,0.000243,4,0.414,0,377093,-11.097,0.282,1
0.491,0.159,119.528,0.0403,0.02,0.00899,4,0.749,10,292613,-9.655,0.536,1
0.608,0.0533,112.367,0.0345,0.352,0.0,4,0.552,1,162373,-9.786,0.637,0
0.789,0.0753,129.802,0.0676,0.00178,0.00708,4,0.674,8,121160,-6.903,0.918,1
0.803,0.348,103.04,0.0351,0.0709,0.285,3,0.763,1,229640,-3.713,0.561,1
0.538,0.37,196.606,0.0575,0.305,0.000114,4,0.469,8,176333,-13.559,0.885,1
0.415,0.117,78.169,0.122,0.457,1.72e-05,4,0.527,4,125093,-11.451,0.515,0
0.5,0.184,104.996,0.0255,0.076,9.86e-05,4,0.594,5,241093,-5.586,0.537,0
0.67,0.121,100.964,0.0751,0.121,0.0,4,0.733,5,192841,-6.009,0.472,1
0.697,0.333,94.996,0.0401,0.182,0.0,4,0.756,8,206071,-6.377,0.956,1
0.745,0.118,122.06,0.0399,0.281,2.61e-05,4,0.842,2,214945,-4.231,0.53,0
0.74,0.102,118.008,0.0339,0.363,2.22e-05,4,0.593,8,208107,-6.12,0.502,1
0.699,0.443,92.96,0.0307,0.202,0.000131,4,0.759,0,211067,-5.745,0.907,0
0.834,0.355,95.053,0.0437,0.3,1.77e-05,4,0.751,1,211160,-5.444,0.894,0
0.673,0.137,203.812,0.0347,0.413,0.0,4,0.492,6,163855,-5.431,0.488,1
0.68,0.115,149.959,0.0289,0.369,1.84e-06,4,0.614,6,234347,-4.58,0.707,1
0.762,0.35,76.961,0.0423,0.714,4.43e-06,4,0.599,0,163373,-6.887,0.715,1
0.65,0.14,117.188,0.0554,0.379,0.0,4,0.535,10,179600,-6.328,0.61,1
0.459,0.119,64.223,0.0346,0.378,0.0,4,0.268,7,179200,-6.948,0.172,0
0.433,0.0762,108.947,0.0324,0.0853,0.000284,4,0.795,4,258013,-8.927,0.6,1
0.671,0.0637,85.026,0.0553,0.00929,0.0,4,0.771,2,171360,-5.617,0.714,1
0.43,0.093,130.09,0.0335,0.83,0.000441,4,0.508,2,212954,-9.475,0.324,0
0.658,0.12,100.065,0.159,0.145,0.0,4,0.859,11,195987,-4.79,0.672,1
0.409,0.103,138.419,0.101,0.325,0.0,4,0.485,9,164571,-10.711,0.376,0
0.348,0.317,120.048,0.0285,0.709,2.12e-05,3,0.594,4,220750,-8.297,0.248,1
0.733,0.357,120.001,0.0419,0.0025,0.0,4,0.629,7,212241,-5.445,0.362,1
0.592,0.0901,101.058,0.0324,0.619,1.32e-05,4,0.881,2,154487,-4.898,0.719,1
0.871,0.096,104.97,0.0397,7.53e-06,0.00545,4,0.559,5,213920,-5.338,0.572,0
0.526,0.257,90.087,0.0333,0.339,0.0,4,0.634,5,235800,-7.881,0.623,0
0.842,0.524,143.975,0.0381,0.0136,0.00876,4,0.57,4,196784,-5.085,0.47,0
0.592,0.347,120.018,0.0331,0.435,4.15e-06,4,0.783,11,174253,-8.332,0.726,0
0.722,0.27,84.565,0.0406,0.217,0.0,4,0.67,9,194563,-4.088,0.57,1
0.809,0.248,132.962,0.05,0.252,0.000128,4,0.696,5,131013,-8.254,0.857,1
0.642,0.1,121.981,0.0313,0.0981,0.0,4,0.672,5,196453,-4.035,0.494,1
0.729,0.1,167.968,0.0691,0.0492,0.000272,4,0.783,6,216148,-3.549,0.58,0
0.81,0.165,114.622,0.0288,0.00719,0.00251,4,0.654,4,200307,-6.26,0.661,0
0.479,0.0756,169.922,0.333,0.213,1.21e-06,4,0.812,2,234353,-5.678,0.559,0
0.55,0.202,101.19,0.0286,0.777,0.0,3,0.551,10,176440,-5.339,0.342,1
0.647,0.106,90.123,0.327,0.619,0.0,4,0.587,4,197933,-3.385,0.686,0
0.45,0.124,132.039,0.0259,0.531,6.59e-05,4,0.575,4,242485,-9.306,0.263,1
0.589,0.0992,98.002,0.289,0.00302,0.000237,4,0.901,1,196600,-6.713,0.399,0
0.628,0.386,90.482,0.0398,0.0381,0.0,4,0.639,6,237507,-7.578,0.43,0
0.534,0.0607,135.917,0.0386,0.106,1.76e-05,4,0.615,9,236413,-6.719,0.193,0
0.636,0.447,170.01,0.0638,0.107,9.9e-06,4,0.565,0,179551,-8.198,0.525,1
0.728,0.106,114.996,0.0468,0.298,0.0,4,0.714,10,177955,-4.595,0.901,1
0.758,0.0837,147.989,0.0332,0.483,1.89e-05,3,0.668,5,165671,-5.176,0.834,0
0.603,0.167,123.061,0.226,0.0272,0.000503,4,0.913,8,234093,-4.892,0.497,1
0.647,0.121,111.96,0.0335,0.0477,0.0,4,0.566,1,264773,-6.815,0.22,0
0.252,0.0887,122.053,0.0298,0.808,0.0,4,0.39,6,281947,-9.666,0.181,0
0.404,0.0911,95.045,0.0682,0.216,0.000357,4,0.75,9,232253,-10.178,0.0499,0
0.418,0.0961,104.57,0.0345,0.636,0.0,4,0.574,0,165000,-10.739,0.692,1
0.831,0.113,124.071,0.049,0.142,0.0,4,0.638,8,227893,-5.039,0.649,1
0.826,0.123,138.078,0.0538,0.0965,7.09e-05,3,0.784,7,184066,-6.34,0.893,0
0.748,0.0473,134.114,0.358,0.0384,4.1e-06,4,0.618,0,191947,-8.905,0.663,1
0.558,0.0937,104.983,0.0568,0.0026,2.19e-06,4,0.943,2,138411,-4.911,0.606,1
0.951,0.0878,157.663,0.0688,0.012,0.000446,4,0.391,6,148360,-7.419,0.468,1
0.781,0.0867,110.024,0.034,0.00103,5.33e-06,4,0.655,11,227240,-6.547,0.584,1
0.471,0.331,137.012,0.0284,0.397,0.000336,4,0.483,9,226000,-9.711,0.291,0
0.696,0.0835,94.034,0.0242,0.144,0.0,4,0.63,10,261427,-4.501,0.491,1
0.501,0.0467,167.057,0.0551,0.234,0.112,4,0.751,5,190627,-12.151,0.902,1
0.78,0.0828,125.014,0.0436,0.0309,4.64e-05,4,0.545,7,255093,-4.867,0.458,0
0.671,0.159,82.94,0.0289,0.0129,0.0,4,0.474,4,232800,-4.649,0.0682,1
0.505,0.164,160.053,0.193,0.142,0.0,4,0.705,8,218880,-6.923,0.388,1
0.508,0.174,101.358,0.0288,0.727,0.0,3,0.539,10,177720,-6.05,0.227,1
0.956,0.46,173.585,0.392,0.0295,0.0,4,0.491,11,276920,-1.538,0.811,1
0.685,0.0887,127.977,0.041,0.0105,0.000124,4,0.769,1,243600,-5.019,0.836,1
0.827,0.179,103.564,0.0343,0.032,0.00636,4,0.703,10,285373,-7.179,0.944,0
0.474,0.105,179.771,0.124,0.351,0.191,4,0.638,5,111640,-12.7,0.441,0
0.558,0.0955,99.959,0.246,0.255,6.5e-06,4,0.841,2,231750,-8.519,0.746,0
0.671,0.0506,84.5,0.278,0.344,0.0,4,0.765,9,249867,-5.249,0.798,0
0.366,0.155,129.96,0.028,0.113,0.181,4,0.566,7,184154,-12.808,0.237,1
0.272,0.147,172.929,0.0364,0.866,0.0,4,0.369,9,152667,-10.497,0.218,1
0.836,0.384,113.375,0.116,0.0804,0.0,4,0.743,2,188987,-6.465,0.82,1
0.872,0.0725,98.891,0.124,0.31,3.18e-06,4,0.684,9,178493,-2.85,0.261,1
0.675,0.0685,92.909,0.0953,0.0251,0.000717,4,0.743,8,214400,-4.267,0.59,0
0.701,0.215,111.02,0.0342,0.27,0.0,1,0.752,6,129687,-3.542,0.836,0
0.739,0.181,118.99,0.0311,0.0264,4.28e-05,4,0.822,1,241933,-4.541,0.745,0
0.716,0.0557,125.924,0.0409,0.101,1.62e-05,4,0.786,11,235520,-4.253,0.596,0
0.505,0.104,163.255,0.117,0.579,0.000333,4,0.489,10,213707,-8.022,0.337,0
0.539,0.119,109.92,0.0267,0.000135,0.235,4,0.546,2,296227,-7.342,0.122,1
0.608,0.12,121.02,0.035,0.262,2.5e-05,4,0.763,5,138013,-8.1,0.393,0
0.806,0.0771,94.948,0.269,0.143,0.0,4,0.843,4,270507,-5.946,0.613,0
0.573,0.538,113.088,0.0549,0.118,0.0,4,0.724,7,135920,-4.113,0.438,1
0.862,0.093,95.051,0.0378,0.0525,0.0,4,0.712,5,206200,-4.612,0.809,0
0.757,0.146,102.961,0.032,0.0206,0.0,4,0.457,1,266600,-5.177,0.417,1
0.651,0.782,121.07,0.0568,0.418,1.26e-05,4,0.461,1,278480,-8.81,0.383,0
0.544,0.322,132.052,0.0299,0.453,0.00805,4,0.571,6,132631,-10.613,0.216,1
0.826,0.0803,124.075,0.0479,0.139,0.0,4,0.639,8,227880,-4.968,0.648,1
0.658,0.176,163.071,0.0708,4.52e-05,0.000774,4,0.412,4,168406,-12.051,0.454,0
0.792,0.145,147.067,0.0297,0.229,0.124,4,0.508,0,320467,-7.311,0.601,0
0.795,0.254,104.066,0.0545,0.498,1.21e-06,4,0.736,1,230813,-3.299,0.511,0
0.804,0.0329,119.968,0.0853,0.00332,0.0,4,0.754,4,203867,-3.177,0.818,1
0.741,0.289,119.896,0.0287,0.101,1.41e-05,4,0.72,10,198053,-6.529,0.357,0
0.8,0.0822,100.011,0.0399,0.00584,0.0,4,0.706,5,259333,-6.333,0.629,1
0.776,0.205,103.963,0.0293,0.131,5.36e-06,4,0.699,0,175459,-5.282,0.708,1
0.697,0.224,138.992,0.034,0.0268,0.0,4,0.74,8,163648,-4.912,0.732,1
0.711,0.0955,174.915,0.0699,0.3,0.0,4,0.794,8,189109,-5.124,0.955,0
0.568,0.286,93.986,0.03,0.0484,0.000417,4,0.575,9,206280,-5.509,0.37,0
0.859,0.111,65.043,0.137,0.0401,0.0,4,0.728,5,214240,-5.237,0.535,0
0.746,0.156,170.083,0.15,0.0236,1e-06,4,0.537,10,198267,-5.507,0.252,0
0.624,0.123,158.087,0.114,0.11,0.0,4,0.715,4,173325,-3.046,0.412,0
0.844,0.102,146.967,0.0457,0.0137,0.000658,4,0.647,0,193829,-3.756,0.746,1
0.604,0.104,159.92,0.0337,0.199,1.9e-05,3,0.561,9,210689,-4.409,0.242,1
0.55,0.293,95.019,0.0722,0.102,0.0,4,0.87,5,156400,-5.537,0.566,1
0.499,0.0899,99.986,0.0509,0.446,2.41e-05,4,0.791,8,222000,-8.472,0.669,0
0.37,0.0821,48.718,0.0298,0.205,0.0096,4,0.392,9,293293,-10.888,0.512,1
0.318,0.0795,119.959,0.0478,0.896,0.00239,4,0.614,7,180933,-12.695,0.112,1
0.757,0.106,82.008,0.05,0.617,0.0,4,0.703,1,221747,-3.612,0.696,1
0.783,0.0528,94.989,0.0432,0.106,2.49e-06,4,0.841,6,190560,-4.915,0.514,0
0.268,0.104,102.617,0.0281,0.748,0.0517,3,0.371,1,227093,-10.506,0.165,1
0.593,0.0979,94.364,0.0916,0.163,0.0,4,0.622,7,249093,-8.352,0.607,0
0.631,0.135,134.078,0.0476,0.222,0.0,4,0.572,7,249040,-9.836,0.0713,0
0.672,0.101,91.976,0.188,0.0363,8.78e-06,4,0.886,1,192024,-4.394,0.526,1
0.339,0.0973,129.83,0.0532,0.409,0.00153,4,0.721,0,200747,-11.195,0.2,1
0.618,0.0866,81.993,0.286,0.0303,0.0,4,0.856,7,203201,-4.892,0.391,1
0.947,0.0679,135.448,0.0378,0.0185,0.00109,4,0.583,5,223613,-5.12,0.803,1
0.589,0.0992,98.002,0.289,0.00302,0.000237,4,0.901,1,196600,-6.713,0.399,0
0.744,0.074,124.077,0.0296,0.0405,0.000153,4,0.677,10,152913,-6.806,0.631,0
0.471,0.14,105.029,0.0603,0.151,0.0,3,0.472,10,180304,-5.692,0.219,1
0.64,0.151,84.828,0.0442,0.0393,2.31e-06,4,0.264,8,244685,-6.221,0.19,1
0.586,0.104,107.015,0.0531,0.257,0.0,4,0.675,9,186365,-6.086,0.621,1
0.694,0.0878,90.02,0.0783,0.356,0.00125,4,0.869,1,224997,-3.35,0.511,0
0.5,0.0966,117.896,0.0651,0.799,0.0,4,0.664,9,182347,-6.935,0.801,1
0.433,0.135,160.108,0.185,0.107,0.0,4,0.525,6,194613,-10.598,0.276,1
0.414,0.0724,100.002,0.0946,0.00421,2.73e-05,4,0.777,6,227880,-7.44,0.287,0
0.737,0.163,112.923,0.0335,0.14,0.000162,4,0.323,10,241067,-4.008,0.156,1
0.578,0.359,143.01,0.0485,0.00381,0.0,4,0.8,4,204665,-5.144,0.367,0
0.699,0.131,94.086,0.178,0.111,0.0,4,0.834,5,272533,-3.222,0.809,1
0.53,0.263,136.848,0.0538,0.154,0.0,4,0.484,5,219724,-5.821,0.323,1
0.308,0.158,113.95,0.0321,0.868,0.135,4,0.504,9,137773,-14.958,0.121,1
0.51,0.0829,119.994,0.0369,0.00821,0.00143,4,0.829,5,208133,-9.334,0.45,0
0.495,0.0805,106.033,0.0518,0.199,0.0,4,0.873,6,202062,-5.446,0.546,1
0.909,0.0856,95.295,0.27,0.0281,0.0,4,0.922,10,161507,-2.429,0.309,0
0.623,0.0609,130.037,0.0992,0.184,1.63e-05,4,0.919,7,157018,-6.521,0.775,1
0.551,0.11,143.008,0.132,0.141,0.0,4,0.559,5,201800,-7.231,0.392,1
0.214,0.341,94.775,0.0375,0.908,7.47e-06,3,0.339,4,206640,-11.714,0.363,1
0.82,0.104,144.905,0.0367,0.332,0.0,4,0.621,10,230192,-4.865,0.452,1
0.75,0.174,123.426,0.117,0.109,0.0,4,0.773,8,220587,-4.009,0.783,0
0.724,0.27,83.118,0.0474,0.228,0.0,4,0.569,6,194563,-4.076,0.562,0
0.422,0.0861,123.201,0.0375,0.134,2.05e-05,4,0.434,7,241293,-13.964,0.377,0
0.573,0.0607,81.548,0.0423,0.271,0.0,4,0.62,0,231333,-11.893,0.897,1
0.574,0.38,125.18,0.467,0.0253,3.13e-05,5,0.613,11,209107,-7.961,0.755,1
0.635,0.319,100.034,0.226,0.271,0.0,4,0.64,8,223187,-7.565,0.475,0
0.738,0.0892,169.918,0.307,0.52,0.0,4,0.841,7,172798,-7.455,0.484,0
0.988,0.368,186.113,0.0639,2.64e-05,7.86e-05,4,0.38,1,176346,-2.042,0.769,1
0.573,0.482,99.939,0.106,0.46,0.0734,4,0.695,4,179172,-8.597,0.408,0
0.585,0.248,109.978,0.094,0.237,0.0,4,0.83,0,173711,-6.476,0.485,1
0.751,0.168,91.031,0.0708,0.173,0.0,4,0.706,9,182307,-6.323,0.195,1
0.737,0.0955,91.986,0.0436,0.0739,0.00162,4,0.708,1,197920,-4.045,0.607,1
0.084,0.0983,79.449,0.0317,0.953,0.0,4,0.391,0,222370,-17.843,0.111,1
0.427,0.307,93.004,0.106,0.0531,0.0,4,0.831,2,235320,-6.903,0.216,1
0.62,0.0398,117.038,0.0412,0.0295,0.000809,4,0.741,10,251424,-5.505,0.934,1
0.756,0.193,116.034,0.032,0.00289,0.0,4,0.66,0,170888,-3.743,0.838,0
0.582,0.0881,116.712,0.0356,0.0502,0.0,4,0.7,11,218424,-5.96,0.785,0
0.706,0.067,80.969,0.0292,0.072,0.0,4,0.722,9,171292,-4.857,0.599,1
0.507,0.117,104.978,0.0358,0.2,0.0608,4,0.747,2,210373,-10.171,0.438,1
